startedAt;valueprodauto;source
2025-04-01 00:00:00+00:00;0.0;df-prod-Véronique
2025-04-01 00:15:00+00:00;0.0;df-prod-Véronique
2025-04-01 00:30:00+00:00;0.0;df-prod-Véronique
2025-04-01 00:45:00+00:00;0.0;df-prod-Véronique
2025-04-01 01:00:00+00:00;0.0;df-prod-Véronique
2025-04-01 01:15:00+00:00;0.0;df-prod-Véronique
2025-04-01 01:30:00+00:00;0.0;df-prod-Véronique
2025-04-01 01:45:00+00:00;0.0;df-prod-Véronique
2025-04-01 02:00:00+00:00;0.0;df-prod-Véronique
2025-04-01 02:15:00+00:00;0.0;df-prod-Véronique
2025-04-01 02:30:00+00:00;0.0;df-prod-Véronique
2025-04-01 02:45:00+00:00;0.0;df-prod-Véronique
2025-04-01 03:00:00+00:00;0.0;df-prod-Véronique
2025-04-01 03:15:00+00:00;0.0;df-prod-Véronique
2025-04-01 03:30:00+00:00;0.0;df-prod-Véronique
2025-04-01 03:45:00+00:00;0.0;df-prod-Véronique
2025-04-01 04:00:00+00:00;0.0;df-prod-Véronique
2025-04-01 04:15:00+00:00;0.0;df-prod-Véronique
2025-04-01 04:30:00+00:00;0.0;df-prod-Véronique
2025-04-01 04:45:00+00:00;0.0;df-prod-Véronique
2025-04-01 05:00:00+00:00;0.0;df-prod-Véronique
2025-04-01 05:15:00+00:00;0.156;df-prod-Véronique
2025-04-01 05:30:00+00:00;0.664;df-prod-Véronique
2025-04-01 05:45:00+00:00;1.196;df-prod-Véronique
2025-04-01 06:00:00+00:00;1.18;df-prod-Véronique
2025-04-01 06:15:00+00:00;1.964;df-prod-Véronique
2025-04-01 06:30:00+00:00;2.112;df-prod-Véronique
2025-04-01 06:45:00+00:00;0.22;df-prod-Véronique
2025-04-01 07:00:00+00:00;2.876;df-prod-Véronique
2025-04-01 07:15:00+00:00;4.58;df-prod-Véronique
2025-04-01 07:30:00+00:00;0.284;df-prod-Véronique
2025-04-01 07:45:00+00:00;0.288;df-prod-Véronique
2025-04-01 08:00:00+00:00;0.26;df-prod-Véronique
2025-04-01 08:15:00+00:00;0.456;df-prod-Véronique
2025-04-01 08:30:00+00:00;6.344;df-prod-Véronique
2025-04-01 08:45:00+00:00;0.904;df-prod-Véronique
2025-04-01 09:00:00+00:00;0.276;df-prod-Véronique
2025-04-01 09:15:00+00:00;1.248;df-prod-Véronique
2025-04-01 09:30:00+00:00;1.184;df-prod-Véronique
2025-04-01 09:45:00+00:00;0.7;df-prod-Véronique
2025-04-01 10:00:00+00:00;2.892;df-prod-Véronique
2025-04-01 10:15:00+00:00;3.964;df-prod-Véronique
2025-04-01 10:30:00+00:00;1.2;df-prod-Véronique
2025-04-01 10:45:00+00:00;1.676;df-prod-Véronique
2025-04-01 11:00:00+00:00;1.584;df-prod-Véronique
2025-04-01 11:15:00+00:00;0.68;df-prod-Véronique
2025-04-01 11:30:00+00:00;0.28;df-prod-Véronique
2025-04-01 11:45:00+00:00;0.28;df-prod-Véronique
2025-04-01 12:00:00+00:00;0.292;df-prod-Véronique
2025-04-01 12:15:00+00:00;0.368;df-prod-Véronique
2025-04-01 12:30:00+00:00;0.28;df-prod-Véronique
2025-04-01 12:45:00+00:00;0.276;df-prod-Véronique
2025-04-01 13:00:00+00:00;0.288;df-prod-Véronique
2025-04-01 13:15:00+00:00;1.492;df-prod-Véronique
2025-04-01 13:30:00+00:00;4.656;df-prod-Véronique
2025-04-01 13:45:00+00:00;0.268;df-prod-Véronique
2025-04-01 14:00:00+00:00;0.292;df-prod-Véronique
2025-04-01 14:15:00+00:00;0.292;df-prod-Véronique
2025-04-01 14:30:00+00:00;0.304;df-prod-Véronique
2025-04-01 14:45:00+00:00;1.0;df-prod-Véronique
2025-04-01 15:00:00+00:00;2.652;df-prod-Véronique
2025-04-01 15:15:00+00:00;0.22;df-prod-Véronique
2025-04-01 15:30:00+00:00;0.224;df-prod-Véronique
2025-04-01 15:45:00+00:00;0.24;df-prod-Véronique
2025-04-01 16:00:00+00:00;0.248;df-prod-Véronique
2025-04-01 16:15:00+00:00;0.404;df-prod-Véronique
2025-04-01 16:30:00+00:00;0.348;df-prod-Véronique
2025-04-01 16:45:00+00:00;0.296;df-prod-Véronique
2025-04-01 17:00:00+00:00;0.244;df-prod-Véronique
2025-04-01 17:15:00+00:00;0.184;df-prod-Véronique
2025-04-01 17:30:00+00:00;0.112;df-prod-Véronique
2025-04-01 17:45:00+00:00;0.04;df-prod-Véronique
2025-04-01 18:00:00+00:00;0.0;df-prod-Véronique
2025-04-01 18:15:00+00:00;0.0;df-prod-Véronique
2025-04-01 18:30:00+00:00;0.0;df-prod-Véronique
2025-04-01 18:45:00+00:00;0.0;df-prod-Véronique
2025-04-01 19:00:00+00:00;0.0;df-prod-Véronique
2025-04-01 19:15:00+00:00;0.0;df-prod-Véronique
2025-04-01 19:30:00+00:00;0.0;df-prod-Véronique
2025-04-01 19:45:00+00:00;0.0;df-prod-Véronique
2025-04-01 20:00:00+00:00;0.0;df-prod-Véronique
2025-04-01 20:15:00+00:00;0.0;df-prod-Véronique
2025-04-01 20:30:00+00:00;0.0;df-prod-Véronique
2025-04-01 20:45:00+00:00;0.0;df-prod-Véronique
2025-04-01 21:00:00+00:00;0.0;df-prod-Véronique
2025-04-01 21:15:00+00:00;0.0;df-prod-Véronique
2025-04-01 21:30:00+00:00;0.0;df-prod-Véronique
2025-04-01 21:45:00+00:00;0.0;df-prod-Véronique
2025-04-01 22:00:00+00:00;0.0;df-prod-Véronique
2025-04-01 22:15:00+00:00;0.0;df-prod-Véronique
2025-04-01 22:30:00+00:00;0.0;df-prod-Véronique
2025-04-01 22:45:00+00:00;0.0;df-prod-Véronique
2025-04-01 23:00:00+00:00;0.0;df-prod-Véronique
2025-04-01 23:15:00+00:00;0.0;df-prod-Véronique
2025-04-01 23:30:00+00:00;0.0;df-prod-Véronique
2025-04-01 23:45:00+00:00;0.0;df-prod-Véronique
2025-04-02 00:00:00+00:00;0.0;df-prod-Véronique
2025-04-02 00:15:00+00:00;0.0;df-prod-Véronique
2025-04-02 00:30:00+00:00;0.0;df-prod-Véronique
2025-04-02 00:45:00+00:00;0.0;df-prod-Véronique
2025-04-02 01:00:00+00:00;0.0;df-prod-Véronique
2025-04-02 01:15:00+00:00;0.0;df-prod-Véronique
2025-04-02 01:30:00+00:00;0.0;df-prod-Véronique
2025-04-02 01:45:00+00:00;0.0;df-prod-Véronique
2025-04-02 02:00:00+00:00;0.0;df-prod-Véronique
2025-04-02 02:15:00+00:00;0.0;df-prod-Véronique
2025-04-02 02:30:00+00:00;0.0;df-prod-Véronique
2025-04-02 02:45:00+00:00;0.0;df-prod-Véronique
2025-04-02 03:00:00+00:00;0.0;df-prod-Véronique
2025-04-02 03:15:00+00:00;0.0;df-prod-Véronique
2025-04-02 03:30:00+00:00;0.0;df-prod-Véronique
2025-04-02 03:45:00+00:00;0.0;df-prod-Véronique
2025-04-02 04:00:00+00:00;0.0;df-prod-Véronique
2025-04-02 04:15:00+00:00;0.0;df-prod-Véronique
2025-04-02 04:30:00+00:00;0.0;df-prod-Véronique
2025-04-02 04:45:00+00:00;0.0;df-prod-Véronique
2025-04-02 05:00:00+00:00;0.0;df-prod-Véronique
2025-04-02 05:15:00+00:00;0.192;df-prod-Véronique
2025-04-02 05:30:00+00:00;0.672;df-prod-Véronique
2025-04-02 05:45:00+00:00;0.224;df-prod-Véronique
2025-04-02 06:00:00+00:00;0.244;df-prod-Véronique
2025-04-02 06:15:00+00:00;0.24;df-prod-Véronique
2025-04-02 06:30:00+00:00;0.22;df-prod-Véronique
2025-04-02 06:45:00+00:00;3.44;df-prod-Véronique
2025-04-02 07:00:00+00:00;2.696;df-prod-Véronique
2025-04-02 07:15:00+00:00;0.26;df-prod-Véronique
2025-04-02 07:30:00+00:00;0.26;df-prod-Véronique
2025-04-02 07:45:00+00:00;0.256;df-prod-Véronique
2025-04-02 08:00:00+00:00;4.612;df-prod-Véronique
2025-04-02 08:15:00+00:00;3.156;df-prod-Véronique
2025-04-02 08:30:00+00:00;0.268;df-prod-Véronique
2025-04-02 08:45:00+00:00;0.26;df-prod-Véronique
2025-04-02 09:00:00+00:00;0.26;df-prod-Véronique
2025-04-02 09:15:00+00:00;1.116;df-prod-Véronique
2025-04-02 09:30:00+00:00;7.016;df-prod-Véronique
2025-04-02 09:45:00+00:00;1.512;df-prod-Véronique
2025-04-02 10:00:00+00:00;1.328;df-prod-Véronique
2025-04-02 10:15:00+00:00;0.336;df-prod-Véronique
2025-04-02 10:30:00+00:00;0.336;df-prod-Véronique
2025-04-02 10:45:00+00:00;0.284;df-prod-Véronique
2025-04-02 11:00:00+00:00;1.156;df-prod-Véronique
2025-04-02 11:15:00+00:00;1.828;df-prod-Véronique
2025-04-02 11:30:00+00:00;0.292;df-prod-Véronique
2025-04-02 11:45:00+00:00;0.272;df-prod-Véronique
2025-04-02 12:00:00+00:00;0.248;df-prod-Véronique
2025-04-02 12:15:00+00:00;0.24;df-prod-Véronique
2025-04-02 12:30:00+00:00;0.284;df-prod-Véronique
2025-04-02 12:45:00+00:00;0.276;df-prod-Véronique
2025-04-02 13:00:00+00:00;0.26;df-prod-Véronique
2025-04-02 13:15:00+00:00;0.252;df-prod-Véronique
2025-04-02 13:30:00+00:00;0.312;df-prod-Véronique
2025-04-02 13:45:00+00:00;0.272;df-prod-Véronique
2025-04-02 14:00:00+00:00;0.26;df-prod-Véronique
2025-04-02 14:15:00+00:00;0.264;df-prod-Véronique
2025-04-02 14:30:00+00:00;0.736;df-prod-Véronique
2025-04-02 14:45:00+00:00;0.804;df-prod-Véronique
2025-04-02 15:00:00+00:00;0.296;df-prod-Véronique
2025-04-02 15:15:00+00:00;0.296;df-prod-Véronique
2025-04-02 15:30:00+00:00;0.28;df-prod-Véronique
2025-04-02 15:45:00+00:00;0.328;df-prod-Véronique
2025-04-02 16:00:00+00:00;0.304;df-prod-Véronique
2025-04-02 16:15:00+00:00;0.304;df-prod-Véronique
2025-04-02 16:30:00+00:00;0.348;df-prod-Véronique
2025-04-02 16:45:00+00:00;0.288;df-prod-Véronique
2025-04-02 17:00:00+00:00;0.248;df-prod-Véronique
2025-04-02 17:15:00+00:00;0.192;df-prod-Véronique
2025-04-02 17:30:00+00:00;0.128;df-prod-Véronique
2025-04-02 17:45:00+00:00;0.056;df-prod-Véronique
2025-04-02 18:00:00+00:00;0.004;df-prod-Véronique
2025-04-02 18:15:00+00:00;0.0;df-prod-Véronique
2025-04-02 18:30:00+00:00;0.0;df-prod-Véronique
2025-04-02 18:45:00+00:00;0.0;df-prod-Véronique
2025-04-02 19:00:00+00:00;0.0;df-prod-Véronique
2025-04-02 19:15:00+00:00;0.0;df-prod-Véronique
2025-04-02 19:30:00+00:00;0.0;df-prod-Véronique
2025-04-02 19:45:00+00:00;0.0;df-prod-Véronique
2025-04-02 20:00:00+00:00;0.0;df-prod-Véronique
2025-04-02 20:15:00+00:00;0.0;df-prod-Véronique
2025-04-02 20:30:00+00:00;0.0;df-prod-Véronique
2025-04-02 20:45:00+00:00;0.0;df-prod-Véronique
2025-04-02 21:00:00+00:00;0.0;df-prod-Véronique
2025-04-02 21:15:00+00:00;0.0;df-prod-Véronique
2025-04-02 21:30:00+00:00;0.0;df-prod-Véronique
2025-04-02 21:45:00+00:00;0.0;df-prod-Véronique
2025-04-02 22:00:00+00:00;0.0;df-prod-Véronique
2025-04-02 22:15:00+00:00;0.0;df-prod-Véronique
2025-04-02 22:30:00+00:00;0.0;df-prod-Véronique
2025-04-02 22:45:00+00:00;0.0;df-prod-Véronique
2025-04-02 23:00:00+00:00;0.0;df-prod-Véronique
2025-04-02 23:15:00+00:00;0.0;df-prod-Véronique
2025-04-02 23:30:00+00:00;0.0;df-prod-Véronique
2025-04-02 23:45:00+00:00;0.0;df-prod-Véronique
2025-04-03 00:00:00+00:00;0.0;df-prod-Véronique
2025-04-03 00:15:00+00:00;0.0;df-prod-Véronique
2025-04-03 00:30:00+00:00;0.0;df-prod-Véronique
2025-04-03 00:45:00+00:00;0.0;df-prod-Véronique
2025-04-03 01:00:00+00:00;0.0;df-prod-Véronique
2025-04-03 01:15:00+00:00;0.0;df-prod-Véronique
2025-04-03 01:30:00+00:00;0.0;df-prod-Véronique
2025-04-03 01:45:00+00:00;0.0;df-prod-Véronique
2025-04-03 02:00:00+00:00;0.0;df-prod-Véronique
2025-04-03 02:15:00+00:00;0.0;df-prod-Véronique
2025-04-03 02:30:00+00:00;0.0;df-prod-Véronique
2025-04-03 02:45:00+00:00;0.0;df-prod-Véronique
2025-04-03 03:00:00+00:00;0.0;df-prod-Véronique
2025-04-03 03:15:00+00:00;0.0;df-prod-Véronique
2025-04-03 03:30:00+00:00;0.0;df-prod-Véronique
2025-04-03 03:45:00+00:00;0.0;df-prod-Véronique
2025-04-03 04:00:00+00:00;0.0;df-prod-Véronique
2025-04-03 04:15:00+00:00;0.0;df-prod-Véronique
2025-04-03 04:30:00+00:00;0.0;df-prod-Véronique
2025-04-03 04:45:00+00:00;0.0;df-prod-Véronique
2025-04-03 05:00:00+00:00;0.012;df-prod-Véronique
2025-04-03 05:15:00+00:00;0.152;df-prod-Véronique
2025-04-03 05:30:00+00:00;0.24;df-prod-Véronique
2025-04-03 05:45:00+00:00;0.268;df-prod-Véronique
2025-04-03 06:00:00+00:00;0.268;df-prod-Véronique
2025-04-03 06:15:00+00:00;1.22;df-prod-Véronique
2025-04-03 06:30:00+00:00;2.7;df-prod-Véronique
2025-04-03 06:45:00+00:00;0.224;df-prod-Véronique
2025-04-03 07:00:00+00:00;0.272;df-prod-Véronique
2025-04-03 07:15:00+00:00;0.348;df-prod-Véronique
2025-04-03 07:30:00+00:00;4.792;df-prod-Véronique
2025-04-03 07:45:00+00:00;1.912;df-prod-Véronique
2025-04-03 08:00:00+00:00;0.26;df-prod-Véronique
2025-04-03 08:15:00+00:00;0.308;df-prod-Véronique
2025-04-03 08:30:00+00:00;0.34;df-prod-Véronique
2025-04-03 08:45:00+00:00;6.112;df-prod-Véronique
2025-04-03 09:00:00+00:00;1.712;df-prod-Véronique
2025-04-03 09:15:00+00:00;0.78;df-prod-Véronique
2025-04-03 09:30:00+00:00;1.032;df-prod-Véronique
2025-04-03 09:45:00+00:00;0.988;df-prod-Véronique
2025-04-03 10:00:00+00:00;1.232;df-prod-Véronique
2025-04-03 10:15:00+00:00;2.68;df-prod-Véronique
2025-04-03 10:30:00+00:00;5.14;df-prod-Véronique
2025-04-03 10:45:00+00:00;0.488;df-prod-Véronique
2025-04-03 11:00:00+00:00;0.3;df-prod-Véronique
2025-04-03 11:15:00+00:00;3.872;df-prod-Véronique
2025-04-03 11:30:00+00:00;5.248;df-prod-Véronique
2025-04-03 11:45:00+00:00;5.376;df-prod-Véronique
2025-04-03 12:00:00+00:00;5.412;df-prod-Véronique
2025-04-03 12:15:00+00:00;5.34;df-prod-Véronique
2025-04-03 12:30:00+00:00;5.3;df-prod-Véronique
2025-04-03 12:45:00+00:00;5.3;df-prod-Véronique
2025-04-03 13:00:00+00:00;5.308;df-prod-Véronique
2025-04-03 13:15:00+00:00;5.564;df-prod-Véronique
2025-04-03 13:30:00+00:00;5.284;df-prod-Véronique
2025-04-03 13:45:00+00:00;4.904;df-prod-Véronique
2025-04-03 14:00:00+00:00;4.532;df-prod-Véronique
2025-04-03 14:15:00+00:00;4.104;df-prod-Véronique
2025-04-03 14:30:00+00:00;3.664;df-prod-Véronique
2025-04-03 14:45:00+00:00;3.132;df-prod-Véronique
2025-04-03 15:00:00+00:00;2.268;df-prod-Véronique
2025-04-03 15:15:00+00:00;1.5;df-prod-Véronique
2025-04-03 15:30:00+00:00;1.172;df-prod-Véronique
2025-04-03 15:45:00+00:00;0.804;df-prod-Véronique
2025-04-03 16:00:00+00:00;0.276;df-prod-Véronique
2025-04-03 16:15:00+00:00;0.256;df-prod-Véronique
2025-04-03 16:30:00+00:00;0.264;df-prod-Véronique
2025-04-03 16:45:00+00:00;0.264;df-prod-Véronique
2025-04-03 17:00:00+00:00;0.244;df-prod-Véronique
2025-04-03 17:15:00+00:00;0.176;df-prod-Véronique
2025-04-03 17:30:00+00:00;0.108;df-prod-Véronique
2025-04-03 17:45:00+00:00;0.04;df-prod-Véronique
2025-04-03 18:00:00+00:00;0.0;df-prod-Véronique
2025-04-03 18:15:00+00:00;0.0;df-prod-Véronique
2025-04-03 18:30:00+00:00;0.0;df-prod-Véronique
2025-04-03 18:45:00+00:00;0.0;df-prod-Véronique
2025-04-03 19:00:00+00:00;0.0;df-prod-Véronique
2025-04-03 19:15:00+00:00;0.0;df-prod-Véronique
2025-04-03 19:30:00+00:00;0.0;df-prod-Véronique
2025-04-03 19:45:00+00:00;0.0;df-prod-Véronique
2025-04-03 20:00:00+00:00;0.0;df-prod-Véronique
2025-04-03 20:15:00+00:00;0.0;df-prod-Véronique
2025-04-03 20:30:00+00:00;0.0;df-prod-Véronique
2025-04-03 20:45:00+00:00;0.0;df-prod-Véronique
2025-04-03 21:00:00+00:00;0.0;df-prod-Véronique
2025-04-03 21:15:00+00:00;0.0;df-prod-Véronique
2025-04-03 21:30:00+00:00;0.0;df-prod-Véronique
2025-04-03 21:45:00+00:00;0.0;df-prod-Véronique
2025-04-03 22:00:00+00:00;0.0;df-prod-Véronique
2025-04-03 22:15:00+00:00;0.0;df-prod-Véronique
2025-04-03 22:30:00+00:00;0.0;df-prod-Véronique
2025-04-03 22:45:00+00:00;0.0;df-prod-Véronique
2025-04-03 23:00:00+00:00;0.0;df-prod-Véronique
2025-04-03 23:15:00+00:00;0.0;df-prod-Véronique
2025-04-03 23:30:00+00:00;0.0;df-prod-Véronique
2025-04-03 23:45:00+00:00;0.0;df-prod-Véronique
2025-04-04 00:00:00+00:00;0.0;df-prod-Véronique
2025-04-04 00:15:00+00:00;0.0;df-prod-Véronique
2025-04-04 00:30:00+00:00;0.0;df-prod-Véronique
2025-04-04 00:45:00+00:00;0.0;df-prod-Véronique
2025-04-04 01:00:00+00:00;0.0;df-prod-Véronique
2025-04-04 01:15:00+00:00;0.0;df-prod-Véronique
2025-04-04 01:30:00+00:00;0.0;df-prod-Véronique
2025-04-04 01:45:00+00:00;0.0;df-prod-Véronique
2025-04-04 02:00:00+00:00;0.0;df-prod-Véronique
2025-04-04 02:15:00+00:00;0.0;df-prod-Véronique
2025-04-04 02:30:00+00:00;0.0;df-prod-Véronique
2025-04-04 02:45:00+00:00;0.0;df-prod-Véronique
2025-04-04 03:00:00+00:00;0.0;df-prod-Véronique
2025-04-04 03:15:00+00:00;0.0;df-prod-Véronique
2025-04-04 03:30:00+00:00;0.0;df-prod-Véronique
2025-04-04 03:45:00+00:00;0.0;df-prod-Véronique
2025-04-04 04:00:00+00:00;0.0;df-prod-Véronique
2025-04-04 04:15:00+00:00;0.0;df-prod-Véronique
2025-04-04 04:30:00+00:00;0.0;df-prod-Véronique
2025-04-04 04:45:00+00:00;0.0;df-prod-Véronique
2025-04-04 05:00:00+00:00;0.032;df-prod-Véronique
2025-04-04 05:15:00+00:00;0.38;df-prod-Véronique
2025-04-04 05:30:00+00:00;0.928;df-prod-Véronique
2025-04-04 05:45:00+00:00;1.496;df-prod-Véronique
2025-04-04 06:00:00+00:00;1.32;df-prod-Véronique
2025-04-04 06:15:00+00:00;0.212;df-prod-Véronique
2025-04-04 06:30:00+00:00;0.248;df-prod-Véronique
2025-04-04 06:45:00+00:00;2.68;df-prod-Véronique
2025-04-04 07:00:00+00:00;4.208;df-prod-Véronique
2025-04-04 07:15:00+00:00;3.608;df-prod-Véronique
2025-04-04 07:30:00+00:00;0.264;df-prod-Véronique
2025-04-04 07:45:00+00:00;0.288;df-prod-Véronique
2025-04-04 08:00:00+00:00;0.252;df-prod-Véronique
2025-04-04 08:15:00+00:00;0.244;df-prod-Véronique
2025-04-04 08:30:00+00:00;5.02;df-prod-Véronique
2025-04-04 08:45:00+00:00;2.164;df-prod-Véronique
2025-04-04 09:00:00+00:00;0.264;df-prod-Véronique
2025-04-04 09:15:00+00:00;0.244;df-prod-Véronique
2025-04-04 09:30:00+00:00;0.256;df-prod-Véronique
2025-04-04 09:45:00+00:00;0.268;df-prod-Véronique
2025-04-04 10:00:00+00:00;0.28;df-prod-Véronique
2025-04-04 10:15:00+00:00;0.252;df-prod-Véronique
2025-04-04 10:30:00+00:00;0.244;df-prod-Véronique
2025-04-04 10:45:00+00:00;0.26;df-prod-Véronique
2025-04-04 11:00:00+00:00;0.328;df-prod-Véronique
2025-04-04 11:15:00+00:00;0.284;df-prod-Véronique
2025-04-04 11:30:00+00:00;0.24;df-prod-Véronique
2025-04-04 11:45:00+00:00;0.248;df-prod-Véronique
2025-04-04 12:00:00+00:00;0.264;df-prod-Véronique
2025-04-04 12:15:00+00:00;0.304;df-prod-Véronique
2025-04-04 12:30:00+00:00;0.26;df-prod-Véronique
2025-04-04 12:45:00+00:00;0.244;df-prod-Véronique
2025-04-04 13:00:00+00:00;0.26;df-prod-Véronique
2025-04-04 13:15:00+00:00;0.276;df-prod-Véronique
2025-04-04 13:30:00+00:00;0.288;df-prod-Véronique
2025-04-04 13:45:00+00:00;0.26;df-prod-Véronique
2025-04-04 14:00:00+00:00;0.232;df-prod-Véronique
2025-04-04 14:15:00+00:00;0.276;df-prod-Véronique
2025-04-04 14:30:00+00:00;0.316;df-prod-Véronique
2025-04-04 14:45:00+00:00;0.304;df-prod-Véronique
2025-04-04 15:00:00+00:00;0.272;df-prod-Véronique
2025-04-04 15:15:00+00:00;0.312;df-prod-Véronique
2025-04-04 15:30:00+00:00;0.34;df-prod-Véronique
2025-04-04 15:45:00+00:00;0.312;df-prod-Véronique
2025-04-04 16:00:00+00:00;0.308;df-prod-Véronique
2025-04-04 16:15:00+00:00;0.272;df-prod-Véronique
2025-04-04 16:30:00+00:00;0.26;df-prod-Véronique
2025-04-04 16:45:00+00:00;0.264;df-prod-Véronique
2025-04-04 17:00:00+00:00;0.224;df-prod-Véronique
2025-04-04 17:15:00+00:00;0.176;df-prod-Véronique
2025-04-04 17:30:00+00:00;0.124;df-prod-Véronique
2025-04-04 17:45:00+00:00;0.056;df-prod-Véronique
2025-04-04 18:00:00+00:00;0.004;df-prod-Véronique
2025-04-04 18:15:00+00:00;0.0;df-prod-Véronique
2025-04-04 18:30:00+00:00;0.0;df-prod-Véronique
2025-04-04 18:45:00+00:00;0.0;df-prod-Véronique
2025-04-04 19:00:00+00:00;0.0;df-prod-Véronique
2025-04-04 19:15:00+00:00;0.0;df-prod-Véronique
2025-04-04 19:30:00+00:00;0.0;df-prod-Véronique
2025-04-04 19:45:00+00:00;0.0;df-prod-Véronique
2025-04-04 20:00:00+00:00;0.0;df-prod-Véronique
2025-04-04 20:15:00+00:00;0.0;df-prod-Véronique
2025-04-04 20:30:00+00:00;0.0;df-prod-Véronique
2025-04-04 20:45:00+00:00;0.0;df-prod-Véronique
2025-04-04 21:00:00+00:00;0.0;df-prod-Véronique
2025-04-04 21:15:00+00:00;0.0;df-prod-Véronique
2025-04-04 21:30:00+00:00;0.0;df-prod-Véronique
2025-04-04 21:45:00+00:00;0.0;df-prod-Véronique
2025-04-04 22:00:00+00:00;0.0;df-prod-Véronique
2025-04-04 22:15:00+00:00;0.0;df-prod-Véronique
2025-04-04 22:30:00+00:00;0.0;df-prod-Véronique
2025-04-04 22:45:00+00:00;0.0;df-prod-Véronique
2025-04-04 23:00:00+00:00;0.0;df-prod-Véronique
2025-04-04 23:15:00+00:00;0.0;df-prod-Véronique
2025-04-04 23:30:00+00:00;0.0;df-prod-Véronique
2025-04-04 23:45:00+00:00;0.0;df-prod-Véronique
2025-04-05 00:00:00+00:00;0.0;df-prod-Véronique
2025-04-05 00:15:00+00:00;0.0;df-prod-Véronique
2025-04-05 00:30:00+00:00;0.0;df-prod-Véronique
2025-04-05 00:45:00+00:00;0.0;df-prod-Véronique
2025-04-05 01:00:00+00:00;0.0;df-prod-Véronique
2025-04-05 01:15:00+00:00;0.0;df-prod-Véronique
2025-04-05 01:30:00+00:00;0.0;df-prod-Véronique
2025-04-05 01:45:00+00:00;0.0;df-prod-Véronique
2025-04-05 02:00:00+00:00;0.0;df-prod-Véronique
2025-04-05 02:15:00+00:00;0.0;df-prod-Véronique
2025-04-05 02:30:00+00:00;0.0;df-prod-Véronique
2025-04-05 02:45:00+00:00;0.0;df-prod-Véronique
2025-04-05 03:00:00+00:00;0.0;df-prod-Véronique
2025-04-05 03:15:00+00:00;0.0;df-prod-Véronique
2025-04-05 03:30:00+00:00;0.0;df-prod-Véronique
2025-04-05 03:45:00+00:00;0.0;df-prod-Véronique
2025-04-05 04:00:00+00:00;0.0;df-prod-Véronique
2025-04-05 04:15:00+00:00;0.0;df-prod-Véronique
2025-04-05 04:30:00+00:00;0.0;df-prod-Véronique
2025-04-05 04:45:00+00:00;0.0;df-prod-Véronique
2025-04-05 05:00:00+00:00;0.036;df-prod-Véronique
2025-04-05 05:15:00+00:00;0.356;df-prod-Véronique
2025-04-05 05:30:00+00:00;0.86;df-prod-Véronique
2025-04-05 05:45:00+00:00;1.416;df-prod-Véronique
2025-04-05 06:00:00+00:00;1.964;df-prod-Véronique
2025-04-05 06:15:00+00:00;0.468;df-prod-Véronique
2025-04-05 06:30:00+00:00;0.468;df-prod-Véronique
2025-04-05 06:45:00+00:00;3.508;df-prod-Véronique
2025-04-05 07:00:00+00:00;3.988;df-prod-Véronique
2025-04-05 07:15:00+00:00;0.328;df-prod-Véronique
2025-04-05 07:30:00+00:00;0.296;df-prod-Véronique
2025-04-05 07:45:00+00:00;0.336;df-prod-Véronique
2025-04-05 08:00:00+00:00;4.62;df-prod-Véronique
2025-04-05 08:15:00+00:00;3.096;df-prod-Véronique
2025-04-05 08:30:00+00:00;0.324;df-prod-Véronique
2025-04-05 08:45:00+00:00;0.272;df-prod-Véronique
2025-04-05 09:00:00+00:00;0.3;df-prod-Véronique
2025-04-05 09:15:00+00:00;1.148;df-prod-Véronique
2025-04-05 09:30:00+00:00;6.64;df-prod-Véronique
2025-04-05 09:45:00+00:00;3.084;df-prod-Véronique
2025-04-05 10:00:00+00:00;2.052;df-prod-Véronique
2025-04-05 10:15:00+00:00;2.132;df-prod-Véronique
2025-04-05 10:30:00+00:00;0.436;df-prod-Véronique
2025-04-05 10:45:00+00:00;0.252;df-prod-Véronique
2025-04-05 11:00:00+00:00;1.016;df-prod-Véronique
2025-04-05 11:15:00+00:00;0.516;df-prod-Véronique
2025-04-05 11:30:00+00:00;0.448;df-prod-Véronique
2025-04-05 11:45:00+00:00;1.588;df-prod-Véronique
2025-04-05 12:00:00+00:00;1.196;df-prod-Véronique
2025-04-05 12:15:00+00:00;0.504;df-prod-Véronique
2025-04-05 12:30:00+00:00;0.692;df-prod-Véronique
2025-04-05 12:45:00+00:00;0.304;df-prod-Véronique
2025-04-05 13:00:00+00:00;0.736;df-prod-Véronique
2025-04-05 13:15:00+00:00;2.324;df-prod-Véronique
2025-04-05 13:30:00+00:00;0.672;df-prod-Véronique
2025-04-05 13:45:00+00:00;0.272;df-prod-Véronique
2025-04-05 14:00:00+00:00;0.268;df-prod-Véronique
2025-04-05 14:15:00+00:00;0.66;df-prod-Véronique
2025-04-05 14:30:00+00:00;0.936;df-prod-Véronique
2025-04-05 14:45:00+00:00;0.32;df-prod-Véronique
2025-04-05 15:00:00+00:00;0.312;df-prod-Véronique
2025-04-05 15:15:00+00:00;0.32;df-prod-Véronique
2025-04-05 15:30:00+00:00;0.36;df-prod-Véronique
2025-04-05 15:45:00+00:00;0.32;df-prod-Véronique
2025-04-05 16:00:00+00:00;0.648;df-prod-Véronique
2025-04-05 16:15:00+00:00;0.744;df-prod-Véronique
2025-04-05 16:30:00+00:00;0.428;df-prod-Véronique
2025-04-05 16:45:00+00:00;0.376;df-prod-Véronique
2025-04-05 17:00:00+00:00;0.376;df-prod-Véronique
2025-04-05 17:15:00+00:00;0.26;df-prod-Véronique
2025-04-05 17:30:00+00:00;0.196;df-prod-Véronique
2025-04-05 17:45:00+00:00;0.088;df-prod-Véronique
2025-04-05 18:00:00+00:00;0.02;df-prod-Véronique
2025-04-05 18:15:00+00:00;0.0;df-prod-Véronique
2025-04-05 18:30:00+00:00;0.0;df-prod-Véronique
2025-04-05 18:45:00+00:00;0.0;df-prod-Véronique
2025-04-05 19:00:00+00:00;0.0;df-prod-Véronique
2025-04-05 19:15:00+00:00;0.0;df-prod-Véronique
2025-04-05 19:30:00+00:00;0.0;df-prod-Véronique
2025-04-05 19:45:00+00:00;0.0;df-prod-Véronique
2025-04-05 20:00:00+00:00;0.0;df-prod-Véronique
2025-04-05 20:15:00+00:00;0.0;df-prod-Véronique
2025-04-05 20:30:00+00:00;0.0;df-prod-Véronique
2025-04-05 20:45:00+00:00;0.0;df-prod-Véronique
2025-04-05 21:00:00+00:00;0.0;df-prod-Véronique
2025-04-05 21:15:00+00:00;0.0;df-prod-Véronique
2025-04-05 21:30:00+00:00;0.0;df-prod-Véronique
2025-04-05 21:45:00+00:00;0.0;df-prod-Véronique
2025-04-05 22:00:00+00:00;0.0;df-prod-Véronique
2025-04-05 22:15:00+00:00;0.0;df-prod-Véronique
2025-04-05 22:30:00+00:00;0.0;df-prod-Véronique
2025-04-05 22:45:00+00:00;0.0;df-prod-Véronique
2025-04-05 23:00:00+00:00;0.0;df-prod-Véronique
2025-04-05 23:15:00+00:00;0.0;df-prod-Véronique
2025-04-05 23:30:00+00:00;0.0;df-prod-Véronique
2025-04-05 23:45:00+00:00;0.0;df-prod-Véronique
2025-04-06 00:00:00+00:00;0.0;df-prod-Véronique
2025-04-06 00:15:00+00:00;0.0;df-prod-Véronique
2025-04-06 00:30:00+00:00;0.0;df-prod-Véronique
2025-04-06 00:45:00+00:00;0.0;df-prod-Véronique
2025-04-06 01:00:00+00:00;0.0;df-prod-Véronique
2025-04-06 01:15:00+00:00;0.0;df-prod-Véronique
2025-04-06 01:30:00+00:00;0.0;df-prod-Véronique
2025-04-06 01:45:00+00:00;0.0;df-prod-Véronique
2025-04-06 02:00:00+00:00;0.0;df-prod-Véronique
2025-04-06 02:15:00+00:00;0.0;df-prod-Véronique
2025-04-06 02:30:00+00:00;0.0;df-prod-Véronique
2025-04-06 02:45:00+00:00;0.0;df-prod-Véronique
2025-04-06 03:00:00+00:00;0.0;df-prod-Véronique
2025-04-06 03:15:00+00:00;0.0;df-prod-Véronique
2025-04-06 03:30:00+00:00;0.0;df-prod-Véronique
2025-04-06 03:45:00+00:00;0.0;df-prod-Véronique
2025-04-06 04:00:00+00:00;0.0;df-prod-Véronique
2025-04-06 04:15:00+00:00;0.0;df-prod-Véronique
2025-04-06 04:30:00+00:00;0.0;df-prod-Véronique
2025-04-06 04:45:00+00:00;0.0;df-prod-Véronique
2025-04-06 05:00:00+00:00;0.1;df-prod-Véronique
2025-04-06 05:15:00+00:00;0.576;df-prod-Véronique
2025-04-06 05:30:00+00:00;1.156;df-prod-Véronique
2025-04-06 05:45:00+00:00;0.188;df-prod-Véronique
2025-04-06 06:00:00+00:00;2.32;df-prod-Véronique
2025-04-06 06:15:00+00:00;1.672;df-prod-Véronique
2025-04-06 06:30:00+00:00;2.568;df-prod-Véronique
2025-04-06 06:45:00+00:00;2.536;df-prod-Véronique
2025-04-06 07:00:00+00:00;2.696;df-prod-Véronique
2025-04-06 07:15:00+00:00;2.46;df-prod-Véronique
2025-04-06 07:30:00+00:00;5.472;df-prod-Véronique
2025-04-06 07:45:00+00:00;0.292;df-prod-Véronique
2025-04-06 08:00:00+00:00;0.248;df-prod-Véronique
2025-04-06 08:15:00+00:00;0.26;df-prod-Véronique
2025-04-06 08:30:00+00:00;0.3;df-prod-Véronique
2025-04-06 08:45:00+00:00;0.288;df-prod-Véronique
2025-04-06 09:00:00+00:00;0.264;df-prod-Véronique
2025-04-06 09:15:00+00:00;6.132;df-prod-Véronique
2025-04-06 09:30:00+00:00;1.488;df-prod-Véronique
2025-04-06 09:45:00+00:00;0.324;df-prod-Véronique
2025-04-06 10:00:00+00:00;0.436;df-prod-Véronique
2025-04-06 10:15:00+00:00;0.252;df-prod-Véronique
2025-04-06 10:30:00+00:00;0.256;df-prod-Véronique
2025-04-06 10:45:00+00:00;2.156;df-prod-Véronique
2025-04-06 11:00:00+00:00;5.948;df-prod-Véronique
2025-04-06 11:15:00+00:00;5.296;df-prod-Véronique
2025-04-06 11:30:00+00:00;5.332;df-prod-Véronique
2025-04-06 11:45:00+00:00;5.356;df-prod-Véronique
2025-04-06 12:00:00+00:00;5.404;df-prod-Véronique
2025-04-06 12:15:00+00:00;5.412;df-prod-Véronique
2025-04-06 12:30:00+00:00;5.34;df-prod-Véronique
2025-04-06 12:45:00+00:00;5.344;df-prod-Véronique
2025-04-06 13:00:00+00:00;5.384;df-prod-Véronique
2025-04-06 13:15:00+00:00;5.36;df-prod-Véronique
2025-04-06 13:30:00+00:00;5.312;df-prod-Véronique
2025-04-06 13:45:00+00:00;5.316;df-prod-Véronique
2025-04-06 14:00:00+00:00;4.912;df-prod-Véronique
2025-04-06 14:15:00+00:00;4.448;df-prod-Véronique
2025-04-06 14:30:00+00:00;4.008;df-prod-Véronique
2025-04-06 14:45:00+00:00;3.472;df-prod-Véronique
2025-04-06 15:00:00+00:00;2.64;df-prod-Véronique
2025-04-06 15:15:00+00:00;2.056;df-prod-Véronique
2025-04-06 15:30:00+00:00;1.236;df-prod-Véronique
2025-04-06 15:45:00+00:00;0.792;df-prod-Véronique
2025-04-06 16:00:00+00:00;0.48;df-prod-Véronique
2025-04-06 16:15:00+00:00;0.364;df-prod-Véronique
2025-04-06 16:30:00+00:00;0.32;df-prod-Véronique
2025-04-06 16:45:00+00:00;0.284;df-prod-Véronique
2025-04-06 17:00:00+00:00;0.244;df-prod-Véronique
2025-04-06 17:15:00+00:00;0.2;df-prod-Véronique
2025-04-06 17:30:00+00:00;0.144;df-prod-Véronique
2025-04-06 17:45:00+00:00;0.076;df-prod-Véronique
2025-04-06 18:00:00+00:00;0.012;df-prod-Véronique
2025-04-06 18:15:00+00:00;0.0;df-prod-Véronique
2025-04-06 18:30:00+00:00;0.0;df-prod-Véronique
2025-04-06 18:45:00+00:00;0.0;df-prod-Véronique
2025-04-06 19:00:00+00:00;0.0;df-prod-Véronique
2025-04-06 19:15:00+00:00;0.0;df-prod-Véronique
2025-04-06 19:30:00+00:00;0.0;df-prod-Véronique
2025-04-06 19:45:00+00:00;0.0;df-prod-Véronique
2025-04-06 20:00:00+00:00;0.0;df-prod-Véronique
2025-04-06 20:15:00+00:00;0.0;df-prod-Véronique
2025-04-06 20:30:00+00:00;0.0;df-prod-Véronique
2025-04-06 20:45:00+00:00;0.0;df-prod-Véronique
2025-04-06 21:00:00+00:00;0.0;df-prod-Véronique
2025-04-06 21:15:00+00:00;0.0;df-prod-Véronique
2025-04-06 21:30:00+00:00;0.0;df-prod-Véronique
2025-04-06 21:45:00+00:00;0.0;df-prod-Véronique
2025-04-06 22:00:00+00:00;0.0;df-prod-Véronique
2025-04-06 22:15:00+00:00;0.0;df-prod-Véronique
2025-04-06 22:30:00+00:00;0.0;df-prod-Véronique
2025-04-06 22:45:00+00:00;0.0;df-prod-Véronique
2025-04-06 23:00:00+00:00;0.0;df-prod-Véronique
2025-04-06 23:15:00+00:00;0.0;df-prod-Véronique
2025-04-06 23:30:00+00:00;0.0;df-prod-Véronique
2025-04-06 23:45:00+00:00;0.0;df-prod-Véronique
2025-04-07 00:00:00+00:00;0.0;df-prod-Véronique
2025-04-07 00:15:00+00:00;0.0;df-prod-Véronique
2025-04-07 00:30:00+00:00;0.0;df-prod-Véronique
2025-04-07 00:45:00+00:00;0.0;df-prod-Véronique
2025-04-07 01:00:00+00:00;0.0;df-prod-Véronique
2025-04-07 01:15:00+00:00;0.0;df-prod-Véronique
2025-04-07 01:30:00+00:00;0.0;df-prod-Véronique
2025-04-07 01:45:00+00:00;0.0;df-prod-Véronique
2025-04-07 02:00:00+00:00;0.0;df-prod-Véronique
2025-04-07 02:15:00+00:00;0.0;df-prod-Véronique
2025-04-07 02:30:00+00:00;0.0;df-prod-Véronique
2025-04-07 02:45:00+00:00;0.0;df-prod-Véronique
2025-04-07 03:00:00+00:00;0.0;df-prod-Véronique
2025-04-07 03:15:00+00:00;0.0;df-prod-Véronique
2025-04-07 03:30:00+00:00;0.0;df-prod-Véronique
2025-04-07 03:45:00+00:00;0.0;df-prod-Véronique
2025-04-07 04:00:00+00:00;0.0;df-prod-Véronique
2025-04-07 04:15:00+00:00;0.0;df-prod-Véronique
2025-04-07 04:30:00+00:00;0.0;df-prod-Véronique
2025-04-07 04:45:00+00:00;0.0;df-prod-Véronique
2025-04-07 05:00:00+00:00;0.144;df-prod-Véronique
2025-04-07 05:15:00+00:00;0.212;df-prod-Véronique
2025-04-07 05:30:00+00:00;0.184;df-prod-Véronique
2025-04-07 05:45:00+00:00;1.704;df-prod-Véronique
2025-04-07 06:00:00+00:00;2.288;df-prod-Véronique
2025-04-07 06:15:00+00:00;0.708;df-prod-Véronique
2025-04-07 06:30:00+00:00;3.428;df-prod-Véronique
2025-04-07 06:45:00+00:00;1.172;df-prod-Véronique
2025-04-07 07:00:00+00:00;3.348;df-prod-Véronique
2025-04-07 07:15:00+00:00;4.904;df-prod-Véronique
2025-04-07 07:30:00+00:00;0.272;df-prod-Véronique
2025-04-07 07:45:00+00:00;0.256;df-prod-Véronique
2025-04-07 08:00:00+00:00;0.256;df-prod-Véronique
2025-04-07 08:15:00+00:00;0.276;df-prod-Véronique
2025-04-07 08:30:00+00:00;3.748;df-prod-Véronique
2025-04-07 08:45:00+00:00;3.748;df-prod-Véronique
2025-04-07 09:00:00+00:00;0.26;df-prod-Véronique
2025-04-07 09:15:00+00:00;0.252;df-prod-Véronique
2025-04-07 09:30:00+00:00;0.26;df-prod-Véronique
2025-04-07 09:45:00+00:00;0.28;df-prod-Véronique
2025-04-07 10:00:00+00:00;0.256;df-prod-Véronique
2025-04-07 10:15:00+00:00;0.252;df-prod-Véronique
2025-04-07 10:30:00+00:00;0.248;df-prod-Véronique
2025-04-07 10:45:00+00:00;0.276;df-prod-Véronique
2025-04-07 11:00:00+00:00;0.268;df-prod-Véronique
2025-04-07 11:15:00+00:00;0.26;df-prod-Véronique
2025-04-07 11:30:00+00:00;0.236;df-prod-Véronique
2025-04-07 11:45:00+00:00;0.268;df-prod-Véronique
2025-04-07 12:00:00+00:00;0.28;df-prod-Véronique
2025-04-07 12:15:00+00:00;0.256;df-prod-Véronique
2025-04-07 12:30:00+00:00;0.236;df-prod-Véronique
2025-04-07 12:45:00+00:00;0.26;df-prod-Véronique
2025-04-07 13:00:00+00:00;0.288;df-prod-Véronique
2025-04-07 13:15:00+00:00;0.26;df-prod-Véronique
2025-04-07 13:30:00+00:00;0.24;df-prod-Véronique
2025-04-07 13:45:00+00:00;0.244;df-prod-Véronique
2025-04-07 14:00:00+00:00;0.288;df-prod-Véronique
2025-04-07 14:15:00+00:00;0.28;df-prod-Véronique
2025-04-07 14:30:00+00:00;0.26;df-prod-Véronique
2025-04-07 14:45:00+00:00;0.244;df-prod-Véronique
2025-04-07 15:00:00+00:00;0.26;df-prod-Véronique
2025-04-07 15:15:00+00:00;0.28;df-prod-Véronique
2025-04-07 15:30:00+00:00;0.26;df-prod-Véronique
2025-04-07 15:45:00+00:00;0.256;df-prod-Véronique
2025-04-07 16:00:00+00:00;0.26;df-prod-Véronique
2025-04-07 16:15:00+00:00;0.264;df-prod-Véronique
2025-04-07 16:30:00+00:00;0.28;df-prod-Véronique
2025-04-07 16:45:00+00:00;0.288;df-prod-Véronique
2025-04-07 17:00:00+00:00;0.244;df-prod-Véronique
2025-04-07 17:15:00+00:00;0.22;df-prod-Véronique
2025-04-07 17:30:00+00:00;0.152;df-prod-Véronique
2025-04-07 17:45:00+00:00;0.092;df-prod-Véronique
2025-04-07 18:00:00+00:00;0.024;df-prod-Véronique
2025-04-07 18:15:00+00:00;0.0;df-prod-Véronique
2025-04-07 18:30:00+00:00;0.0;df-prod-Véronique
2025-04-07 18:45:00+00:00;0.0;df-prod-Véronique
2025-04-07 19:00:00+00:00;0.0;df-prod-Véronique
2025-04-07 19:15:00+00:00;0.0;df-prod-Véronique
2025-04-07 19:30:00+00:00;0.0;df-prod-Véronique
2025-04-07 19:45:00+00:00;0.0;df-prod-Véronique
2025-04-07 20:00:00+00:00;0.0;df-prod-Véronique
2025-04-07 20:15:00+00:00;0.0;df-prod-Véronique
2025-04-07 20:30:00+00:00;0.0;df-prod-Véronique
2025-04-07 20:45:00+00:00;0.0;df-prod-Véronique
2025-04-07 21:00:00+00:00;0.0;df-prod-Véronique
2025-04-07 21:15:00+00:00;0.0;df-prod-Véronique
2025-04-07 21:30:00+00:00;0.0;df-prod-Véronique
2025-04-07 21:45:00+00:00;0.0;df-prod-Véronique
2025-04-07 22:00:00+00:00;0.0;df-prod-Véronique
2025-04-07 22:15:00+00:00;0.0;df-prod-Véronique
2025-04-07 22:30:00+00:00;0.0;df-prod-Véronique
2025-04-07 22:45:00+00:00;0.0;df-prod-Véronique
2025-04-07 23:00:00+00:00;0.0;df-prod-Véronique
2025-04-07 23:15:00+00:00;0.0;df-prod-Véronique
2025-04-07 23:30:00+00:00;0.0;df-prod-Véronique
2025-04-07 23:45:00+00:00;0.0;df-prod-Véronique
2025-04-08 00:00:00+00:00;0.0;df-prod-Véronique
2025-04-08 00:15:00+00:00;0.0;df-prod-Véronique
2025-04-08 00:30:00+00:00;0.0;df-prod-Véronique
2025-04-08 00:45:00+00:00;0.0;df-prod-Véronique
2025-04-08 01:00:00+00:00;0.0;df-prod-Véronique
2025-04-08 01:15:00+00:00;0.0;df-prod-Véronique
2025-04-08 01:30:00+00:00;0.0;df-prod-Véronique
2025-04-08 01:45:00+00:00;0.0;df-prod-Véronique
2025-04-08 02:00:00+00:00;0.0;df-prod-Véronique
2025-04-08 02:15:00+00:00;0.0;df-prod-Véronique
2025-04-08 02:30:00+00:00;0.0;df-prod-Véronique
2025-04-08 02:45:00+00:00;0.0;df-prod-Véronique
2025-04-08 03:00:00+00:00;0.0;df-prod-Véronique
2025-04-08 03:15:00+00:00;0.0;df-prod-Véronique
2025-04-08 03:30:00+00:00;0.0;df-prod-Véronique
2025-04-08 03:45:00+00:00;0.0;df-prod-Véronique
2025-04-08 04:00:00+00:00;0.0;df-prod-Véronique
2025-04-08 04:15:00+00:00;0.0;df-prod-Véronique
2025-04-08 04:30:00+00:00;0.0;df-prod-Véronique
2025-04-08 04:45:00+00:00;0.0;df-prod-Véronique
2025-04-08 05:00:00+00:00;0.136;df-prod-Véronique
2025-04-08 05:15:00+00:00;0.208;df-prod-Véronique
2025-04-08 05:30:00+00:00;1.212;df-prod-Véronique
2025-04-08 05:45:00+00:00;1.732;df-prod-Véronique
2025-04-08 06:00:00+00:00;2.38;df-prod-Véronique
2025-04-08 06:15:00+00:00;2.384;df-prod-Véronique
2025-04-08 06:30:00+00:00;3.504;df-prod-Véronique
2025-04-08 06:45:00+00:00;2.688;df-prod-Véronique
2025-04-08 07:00:00+00:00;0.64;df-prod-Véronique
2025-04-08 07:15:00+00:00;1.604;df-prod-Véronique
2025-04-08 07:30:00+00:00;0.304;df-prod-Véronique
2025-04-08 07:45:00+00:00;4.552;df-prod-Véronique
2025-04-08 08:00:00+00:00;3.008;df-prod-Véronique
2025-04-08 08:15:00+00:00;0.264;df-prod-Véronique
2025-04-08 08:30:00+00:00;0.268;df-prod-Véronique
2025-04-08 08:45:00+00:00;0.256;df-prod-Véronique
2025-04-08 09:00:00+00:00;0.244;df-prod-Véronique
2025-04-08 09:15:00+00:00;0.644;df-prod-Véronique
2025-04-08 09:30:00+00:00;6.248;df-prod-Véronique
2025-04-08 09:45:00+00:00;0.272;df-prod-Véronique
2025-04-08 10:00:00+00:00;0.256;df-prod-Véronique
2025-04-08 10:15:00+00:00;0.252;df-prod-Véronique
2025-04-08 10:30:00+00:00;0.26;df-prod-Véronique
2025-04-08 10:45:00+00:00;0.264;df-prod-Véronique
2025-04-08 11:00:00+00:00;0.256;df-prod-Véronique
2025-04-08 11:15:00+00:00;0.256;df-prod-Véronique
2025-04-08 11:30:00+00:00;0.36;df-prod-Véronique
2025-04-08 11:45:00+00:00;0.26;df-prod-Véronique
2025-04-08 12:00:00+00:00;0.256;df-prod-Véronique
2025-04-08 12:15:00+00:00;0.26;df-prod-Véronique
2025-04-08 12:30:00+00:00;0.26;df-prod-Véronique
2025-04-08 12:45:00+00:00;0.256;df-prod-Véronique
2025-04-08 13:00:00+00:00;0.26;df-prod-Véronique
2025-04-08 13:15:00+00:00;0.256;df-prod-Véronique
2025-04-08 13:30:00+00:00;0.256;df-prod-Véronique
2025-04-08 13:45:00+00:00;0.26;df-prod-Véronique
2025-04-08 14:00:00+00:00;0.26;df-prod-Véronique
2025-04-08 14:15:00+00:00;0.252;df-prod-Véronique
2025-04-08 14:30:00+00:00;0.26;df-prod-Véronique
2025-04-08 14:45:00+00:00;0.268;df-prod-Véronique
2025-04-08 15:00:00+00:00;0.256;df-prod-Véronique
2025-04-08 15:15:00+00:00;0.244;df-prod-Véronique
2025-04-08 15:30:00+00:00;0.256;df-prod-Véronique
2025-04-08 15:45:00+00:00;0.26;df-prod-Véronique
2025-04-08 16:00:00+00:00;0.272;df-prod-Véronique
2025-04-08 16:15:00+00:00;0.256;df-prod-Véronique
2025-04-08 16:30:00+00:00;0.24;df-prod-Véronique
2025-04-08 16:45:00+00:00;0.256;df-prod-Véronique
2025-04-08 17:00:00+00:00;0.272;df-prod-Véronique
2025-04-08 17:15:00+00:00;0.252;df-prod-Véronique
2025-04-08 17:30:00+00:00;0.184;df-prod-Véronique
2025-04-08 17:45:00+00:00;0.1;df-prod-Véronique
2025-04-08 18:00:00+00:00;0.024;df-prod-Véronique
2025-04-08 18:15:00+00:00;0.0;df-prod-Véronique
2025-04-08 18:30:00+00:00;0.0;df-prod-Véronique
2025-04-08 18:45:00+00:00;0.0;df-prod-Véronique
2025-04-08 19:00:00+00:00;0.0;df-prod-Véronique
2025-04-08 19:15:00+00:00;0.0;df-prod-Véronique
2025-04-08 19:30:00+00:00;0.0;df-prod-Véronique
2025-04-08 19:45:00+00:00;0.0;df-prod-Véronique
2025-04-08 20:00:00+00:00;0.0;df-prod-Véronique
2025-04-08 20:15:00+00:00;0.0;df-prod-Véronique
2025-04-08 20:30:00+00:00;0.0;df-prod-Véronique
2025-04-08 20:45:00+00:00;0.0;df-prod-Véronique
2025-04-08 21:00:00+00:00;0.0;df-prod-Véronique
2025-04-08 21:15:00+00:00;0.0;df-prod-Véronique
2025-04-08 21:30:00+00:00;0.0;df-prod-Véronique
2025-04-08 21:45:00+00:00;0.0;df-prod-Véronique
2025-04-01 00:00:00+00:00;0.0;df-prod-Gaby
2025-04-01 00:15:00+00:00;0.0;df-prod-Gaby
2025-04-01 00:30:00+00:00;0.0;df-prod-Gaby
2025-04-01 00:45:00+00:00;0.0;df-prod-Gaby
2025-04-01 01:00:00+00:00;0.0;df-prod-Gaby
2025-04-01 01:15:00+00:00;0.0;df-prod-Gaby
2025-04-01 01:30:00+00:00;0.0;df-prod-Gaby
2025-04-01 01:45:00+00:00;0.0;df-prod-Gaby
2025-04-01 02:00:00+00:00;0.0;df-prod-Gaby
2025-04-01 02:15:00+00:00;0.0;df-prod-Gaby
2025-04-01 02:30:00+00:00;0.0;df-prod-Gaby
2025-04-01 02:45:00+00:00;0.0;df-prod-Gaby
2025-04-01 03:00:00+00:00;0.0;df-prod-Gaby
2025-04-01 03:15:00+00:00;0.0;df-prod-Gaby
2025-04-01 03:30:00+00:00;0.0;df-prod-Gaby
2025-04-01 03:45:00+00:00;0.0;df-prod-Gaby
2025-04-01 04:00:00+00:00;0.0;df-prod-Gaby
2025-04-01 04:15:00+00:00;0.0;df-prod-Gaby
2025-04-01 04:30:00+00:00;0.0;df-prod-Gaby
2025-04-01 04:45:00+00:00;0.0;df-prod-Gaby
2025-04-01 05:00:00+00:00;0.0;df-prod-Gaby
2025-04-01 05:15:00+00:00;0.0;df-prod-Gaby
2025-04-01 05:30:00+00:00;0.0;df-prod-Gaby
2025-04-01 05:45:00+00:00;0.0;df-prod-Gaby
2025-04-01 06:00:00+00:00;0.024;df-prod-Gaby
2025-04-01 06:15:00+00:00;0.068;df-prod-Gaby
2025-04-01 06:30:00+00:00;0.132;df-prod-Gaby
2025-04-01 06:45:00+00:00;0.184;df-prod-Gaby
2025-04-01 07:00:00+00:00;0.328;df-prod-Gaby
2025-04-01 07:15:00+00:00;0.556;df-prod-Gaby
2025-04-01 07:30:00+00:00;0.804;df-prod-Gaby
2025-04-01 07:45:00+00:00;0.828;df-prod-Gaby
2025-04-01 08:00:00+00:00;1.14;df-prod-Gaby
2025-04-01 08:15:00+00:00;0.56;df-prod-Gaby
2025-04-01 08:30:00+00:00;0.612;df-prod-Gaby
2025-04-01 08:45:00+00:00;0.756;df-prod-Gaby
2025-04-01 09:00:00+00:00;1.8;df-prod-Gaby
2025-04-01 09:15:00+00:00;1.744;df-prod-Gaby
2025-04-01 09:30:00+00:00;0.584;df-prod-Gaby
2025-04-01 09:45:00+00:00;0.652;df-prod-Gaby
2025-04-01 10:00:00+00:00;0.688;df-prod-Gaby
2025-04-01 10:15:00+00:00;2.268;df-prod-Gaby
2025-04-01 10:30:00+00:00;0.78;df-prod-Gaby
2025-04-01 10:45:00+00:00;0.5;df-prod-Gaby
2025-04-01 11:00:00+00:00;0.576;df-prod-Gaby
2025-04-01 11:15:00+00:00;1.152;df-prod-Gaby
2025-04-01 11:30:00+00:00;1.512;df-prod-Gaby
2025-04-01 11:45:00+00:00;0.564;df-prod-Gaby
2025-04-01 12:00:00+00:00;0.648;df-prod-Gaby
2025-04-01 12:15:00+00:00;0.54;df-prod-Gaby
2025-04-01 12:30:00+00:00;0.428;df-prod-Gaby
2025-04-01 12:45:00+00:00;0.36;df-prod-Gaby
2025-04-01 13:00:00+00:00;0.348;df-prod-Gaby
2025-04-01 13:15:00+00:00;0.88;df-prod-Gaby
2025-04-01 13:30:00+00:00;0.824;df-prod-Gaby
2025-04-01 13:45:00+00:00;0.46;df-prod-Gaby
2025-04-01 14:00:00+00:00;0.596;df-prod-Gaby
2025-04-01 14:15:00+00:00;0.464;df-prod-Gaby
2025-04-01 14:30:00+00:00;0.56;df-prod-Gaby
2025-04-01 14:45:00+00:00;0.92;df-prod-Gaby
2025-04-01 15:00:00+00:00;0.604;df-prod-Gaby
2025-04-01 15:15:00+00:00;0.532;df-prod-Gaby
2025-04-01 15:30:00+00:00;0.516;df-prod-Gaby
2025-04-01 15:45:00+00:00;0.548;df-prod-Gaby
2025-04-01 16:00:00+00:00;0.7;df-prod-Gaby
2025-04-01 16:15:00+00:00;0.724;df-prod-Gaby
2025-04-01 16:30:00+00:00;0.988;df-prod-Gaby
2025-04-01 16:45:00+00:00;0.612;df-prod-Gaby
2025-04-01 17:00:00+00:00;0.764;df-prod-Gaby
2025-04-01 17:15:00+00:00;0.768;df-prod-Gaby
2025-04-01 17:30:00+00:00;0.6;df-prod-Gaby
2025-04-01 17:45:00+00:00;0.012;df-prod-Gaby
2025-04-01 18:00:00+00:00;0.0;df-prod-Gaby
2025-04-01 18:15:00+00:00;0.0;df-prod-Gaby
2025-04-01 18:30:00+00:00;0.0;df-prod-Gaby
2025-04-01 18:45:00+00:00;0.0;df-prod-Gaby
2025-04-01 19:00:00+00:00;0.0;df-prod-Gaby
2025-04-01 19:15:00+00:00;0.0;df-prod-Gaby
2025-04-01 19:30:00+00:00;0.0;df-prod-Gaby
2025-04-01 19:45:00+00:00;0.0;df-prod-Gaby
2025-04-01 20:00:00+00:00;0.0;df-prod-Gaby
2025-04-01 20:15:00+00:00;0.0;df-prod-Gaby
2025-04-01 20:30:00+00:00;0.0;df-prod-Gaby
2025-04-01 20:45:00+00:00;0.0;df-prod-Gaby
2025-04-01 21:00:00+00:00;0.0;df-prod-Gaby
2025-04-01 21:15:00+00:00;0.0;df-prod-Gaby
2025-04-01 21:30:00+00:00;0.0;df-prod-Gaby
2025-04-01 21:45:00+00:00;0.0;df-prod-Gaby
2025-04-01 22:00:00+00:00;0.0;df-prod-Gaby
2025-04-01 22:15:00+00:00;0.0;df-prod-Gaby
2025-04-01 22:30:00+00:00;0.0;df-prod-Gaby
2025-04-01 22:45:00+00:00;0.0;df-prod-Gaby
2025-04-01 23:00:00+00:00;0.0;df-prod-Gaby
2025-04-01 23:15:00+00:00;0.0;df-prod-Gaby
2025-04-01 23:30:00+00:00;0.0;df-prod-Gaby
2025-04-01 23:45:00+00:00;0.0;df-prod-Gaby
2025-04-02 00:00:00+00:00;0.0;df-prod-Gaby
2025-04-02 00:15:00+00:00;0.0;df-prod-Gaby
2025-04-02 00:30:00+00:00;0.0;df-prod-Gaby
2025-04-02 00:45:00+00:00;0.0;df-prod-Gaby
2025-04-02 01:00:00+00:00;0.0;df-prod-Gaby
2025-04-02 01:15:00+00:00;0.0;df-prod-Gaby
2025-04-02 01:30:00+00:00;0.0;df-prod-Gaby
2025-04-02 01:45:00+00:00;0.0;df-prod-Gaby
2025-04-02 02:00:00+00:00;0.0;df-prod-Gaby
2025-04-02 02:15:00+00:00;0.0;df-prod-Gaby
2025-04-02 02:30:00+00:00;0.0;df-prod-Gaby
2025-04-02 02:45:00+00:00;0.0;df-prod-Gaby
2025-04-02 03:00:00+00:00;0.0;df-prod-Gaby
2025-04-02 03:15:00+00:00;0.0;df-prod-Gaby
2025-04-02 03:30:00+00:00;0.0;df-prod-Gaby
2025-04-02 03:45:00+00:00;0.0;df-prod-Gaby
2025-04-02 04:00:00+00:00;0.0;df-prod-Gaby
2025-04-02 04:15:00+00:00;0.0;df-prod-Gaby
2025-04-02 04:30:00+00:00;0.0;df-prod-Gaby
2025-04-02 04:45:00+00:00;0.0;df-prod-Gaby
2025-04-02 05:00:00+00:00;0.0;df-prod-Gaby
2025-04-02 05:15:00+00:00;0.0;df-prod-Gaby
2025-04-02 05:30:00+00:00;0.0;df-prod-Gaby
2025-04-02 05:45:00+00:00;0.008;df-prod-Gaby
2025-04-02 06:00:00+00:00;0.068;df-prod-Gaby
2025-04-02 06:15:00+00:00;0.112;df-prod-Gaby
2025-04-02 06:30:00+00:00;0.192;df-prod-Gaby
2025-04-02 06:45:00+00:00;0.264;df-prod-Gaby
2025-04-02 07:00:00+00:00;0.464;df-prod-Gaby
2025-04-02 07:15:00+00:00;0.56;df-prod-Gaby
2025-04-02 07:30:00+00:00;0.836;df-prod-Gaby
2025-04-02 07:45:00+00:00;1.076;df-prod-Gaby
2025-04-02 08:00:00+00:00;2.024;df-prod-Gaby
2025-04-02 08:15:00+00:00;2.692;df-prod-Gaby
2025-04-02 08:30:00+00:00;2.428;df-prod-Gaby
2025-04-02 08:45:00+00:00;0.72;df-prod-Gaby
2025-04-02 09:00:00+00:00;0.848;df-prod-Gaby
2025-04-02 09:15:00+00:00;0.876;df-prod-Gaby
2025-04-02 09:30:00+00:00;0.968;df-prod-Gaby
2025-04-02 09:45:00+00:00;0.996;df-prod-Gaby
2025-04-02 10:00:00+00:00;1.228;df-prod-Gaby
2025-04-02 10:15:00+00:00;1.156;df-prod-Gaby
2025-04-02 10:30:00+00:00;1.528;df-prod-Gaby
2025-04-02 10:45:00+00:00;1.404;df-prod-Gaby
2025-04-02 11:00:00+00:00;0.44;df-prod-Gaby
2025-04-02 11:15:00+00:00;0.292;df-prod-Gaby
2025-04-02 11:30:00+00:00;0.348;df-prod-Gaby
2025-04-02 11:45:00+00:00;0.552;df-prod-Gaby
2025-04-02 12:00:00+00:00;0.704;df-prod-Gaby
2025-04-02 12:15:00+00:00;0.256;df-prod-Gaby
2025-04-02 12:30:00+00:00;0.308;df-prod-Gaby
2025-04-02 12:45:00+00:00;0.512;df-prod-Gaby
2025-04-02 13:00:00+00:00;0.856;df-prod-Gaby
2025-04-02 13:15:00+00:00;0.628;df-prod-Gaby
2025-04-02 13:30:00+00:00;0.656;df-prod-Gaby
2025-04-02 13:45:00+00:00;0.6;df-prod-Gaby
2025-04-02 14:00:00+00:00;0.472;df-prod-Gaby
2025-04-02 14:15:00+00:00;0.628;df-prod-Gaby
2025-04-02 14:30:00+00:00;0.472;df-prod-Gaby
2025-04-02 14:45:00+00:00;0.788;df-prod-Gaby
2025-04-02 15:00:00+00:00;0.756;df-prod-Gaby
2025-04-02 15:15:00+00:00;0.356;df-prod-Gaby
2025-04-02 15:30:00+00:00;0.428;df-prod-Gaby
2025-04-02 15:45:00+00:00;0.792;df-prod-Gaby
2025-04-02 16:00:00+00:00;0.876;df-prod-Gaby
2025-04-02 16:15:00+00:00;1.044;df-prod-Gaby
2025-04-02 16:30:00+00:00;0.756;df-prod-Gaby
2025-04-02 16:45:00+00:00;0.432;df-prod-Gaby
2025-04-02 17:00:00+00:00;0.504;df-prod-Gaby
2025-04-02 17:15:00+00:00;0.592;df-prod-Gaby
2025-04-02 17:30:00+00:00;0.532;df-prod-Gaby
2025-04-02 17:45:00+00:00;0.028;df-prod-Gaby
2025-04-02 18:00:00+00:00;0.0;df-prod-Gaby
2025-04-02 18:15:00+00:00;0.0;df-prod-Gaby
2025-04-02 18:30:00+00:00;0.0;df-prod-Gaby
2025-04-02 18:45:00+00:00;0.0;df-prod-Gaby
2025-04-02 19:00:00+00:00;0.0;df-prod-Gaby
2025-04-02 19:15:00+00:00;0.0;df-prod-Gaby
2025-04-02 19:30:00+00:00;0.0;df-prod-Gaby
2025-04-02 19:45:00+00:00;0.0;df-prod-Gaby
2025-04-02 20:00:00+00:00;0.0;df-prod-Gaby
2025-04-02 20:15:00+00:00;0.0;df-prod-Gaby
2025-04-02 20:30:00+00:00;0.0;df-prod-Gaby
2025-04-02 20:45:00+00:00;0.0;df-prod-Gaby
2025-04-02 21:00:00+00:00;0.0;df-prod-Gaby
2025-04-02 21:15:00+00:00;0.0;df-prod-Gaby
2025-04-02 21:30:00+00:00;0.0;df-prod-Gaby
2025-04-02 21:45:00+00:00;0.0;df-prod-Gaby
2025-04-02 22:00:00+00:00;0.0;df-prod-Gaby
2025-04-02 22:15:00+00:00;0.0;df-prod-Gaby
2025-04-02 22:30:00+00:00;0.0;df-prod-Gaby
2025-04-02 22:45:00+00:00;0.0;df-prod-Gaby
2025-04-02 23:00:00+00:00;0.0;df-prod-Gaby
2025-04-02 23:15:00+00:00;0.0;df-prod-Gaby
2025-04-02 23:30:00+00:00;0.0;df-prod-Gaby
2025-04-02 23:45:00+00:00;0.0;df-prod-Gaby
2025-04-03 00:00:00+00:00;0.0;df-prod-Gaby
2025-04-03 00:15:00+00:00;0.0;df-prod-Gaby
2025-04-03 00:30:00+00:00;0.0;df-prod-Gaby
2025-04-03 00:45:00+00:00;0.0;df-prod-Gaby
2025-04-03 01:00:00+00:00;0.0;df-prod-Gaby
2025-04-03 01:15:00+00:00;0.0;df-prod-Gaby
2025-04-03 01:30:00+00:00;0.0;df-prod-Gaby
2025-04-03 01:45:00+00:00;0.0;df-prod-Gaby
2025-04-03 02:00:00+00:00;0.0;df-prod-Gaby
2025-04-03 02:15:00+00:00;0.0;df-prod-Gaby
2025-04-03 02:30:00+00:00;0.0;df-prod-Gaby
2025-04-03 02:45:00+00:00;0.0;df-prod-Gaby
2025-04-03 03:00:00+00:00;0.0;df-prod-Gaby
2025-04-03 03:15:00+00:00;0.0;df-prod-Gaby
2025-04-03 03:30:00+00:00;0.0;df-prod-Gaby
2025-04-03 03:45:00+00:00;0.0;df-prod-Gaby
2025-04-03 04:00:00+00:00;0.0;df-prod-Gaby
2025-04-03 04:15:00+00:00;0.0;df-prod-Gaby
2025-04-03 04:30:00+00:00;0.0;df-prod-Gaby
2025-04-03 04:45:00+00:00;0.0;df-prod-Gaby
2025-04-03 05:00:00+00:00;0.0;df-prod-Gaby
2025-04-03 05:15:00+00:00;0.0;df-prod-Gaby
2025-04-03 05:30:00+00:00;0.0;df-prod-Gaby
2025-04-03 05:45:00+00:00;0.028;df-prod-Gaby
2025-04-03 06:00:00+00:00;0.02;df-prod-Gaby
2025-04-03 06:15:00+00:00;0.1;df-prod-Gaby
2025-04-03 06:30:00+00:00;0.228;df-prod-Gaby
2025-04-03 06:45:00+00:00;0.332;df-prod-Gaby
2025-04-03 07:00:00+00:00;0.52;df-prod-Gaby
2025-04-03 07:15:00+00:00;0.848;df-prod-Gaby
2025-04-03 07:30:00+00:00;0.764;df-prod-Gaby
2025-04-03 07:45:00+00:00;0.716;df-prod-Gaby
2025-04-03 08:00:00+00:00;0.744;df-prod-Gaby
2025-04-03 08:15:00+00:00;0.768;df-prod-Gaby
2025-04-03 08:30:00+00:00;0.708;df-prod-Gaby
2025-04-03 08:45:00+00:00;0.96;df-prod-Gaby
2025-04-03 09:00:00+00:00;1.4;df-prod-Gaby
2025-04-03 09:15:00+00:00;2.504;df-prod-Gaby
2025-04-03 09:30:00+00:00;1.504;df-prod-Gaby
2025-04-03 09:45:00+00:00;1.4;df-prod-Gaby
2025-04-03 10:00:00+00:00;1.636;df-prod-Gaby
2025-04-03 10:15:00+00:00;1.3;df-prod-Gaby
2025-04-03 10:30:00+00:00;0.54;df-prod-Gaby
2025-04-03 10:45:00+00:00;0.76;df-prod-Gaby
2025-04-03 11:00:00+00:00;1.56;df-prod-Gaby
2025-04-03 11:15:00+00:00;0.872;df-prod-Gaby
2025-04-03 11:30:00+00:00;0.768;df-prod-Gaby
2025-04-03 11:45:00+00:00;1.208;df-prod-Gaby
2025-04-03 12:00:00+00:00;1.012;df-prod-Gaby
2025-04-03 12:15:00+00:00;1.324;df-prod-Gaby
2025-04-03 12:30:00+00:00;0.976;df-prod-Gaby
2025-04-03 12:45:00+00:00;2.508;df-prod-Gaby
2025-04-03 13:00:00+00:00;1.28;df-prod-Gaby
2025-04-03 13:15:00+00:00;0.736;df-prod-Gaby
2025-04-03 13:30:00+00:00;0.716;df-prod-Gaby
2025-04-03 13:45:00+00:00;0.512;df-prod-Gaby
2025-04-03 14:00:00+00:00;0.656;df-prod-Gaby
2025-04-03 14:15:00+00:00;0.744;df-prod-Gaby
2025-04-03 14:30:00+00:00;0.788;df-prod-Gaby
2025-04-03 14:45:00+00:00;0.556;df-prod-Gaby
2025-04-03 15:00:00+00:00;0.484;df-prod-Gaby
2025-04-03 15:15:00+00:00;0.568;df-prod-Gaby
2025-04-03 15:30:00+00:00;0.52;df-prod-Gaby
2025-04-03 15:45:00+00:00;0.548;df-prod-Gaby
2025-04-03 16:00:00+00:00;0.692;df-prod-Gaby
2025-04-03 16:15:00+00:00;0.66;df-prod-Gaby
2025-04-03 16:30:00+00:00;0.552;df-prod-Gaby
2025-04-03 16:45:00+00:00;0.476;df-prod-Gaby
2025-04-03 17:00:00+00:00;0.572;df-prod-Gaby
2025-04-03 17:15:00+00:00;0.756;df-prod-Gaby
2025-04-03 17:30:00+00:00;0.456;df-prod-Gaby
2025-04-03 17:45:00+00:00;0.028;df-prod-Gaby
2025-04-03 18:00:00+00:00;0.0;df-prod-Gaby
2025-04-03 18:15:00+00:00;0.0;df-prod-Gaby
2025-04-03 18:30:00+00:00;0.0;df-prod-Gaby
2025-04-03 18:45:00+00:00;0.0;df-prod-Gaby
2025-04-03 19:00:00+00:00;0.0;df-prod-Gaby
2025-04-03 19:15:00+00:00;0.0;df-prod-Gaby
2025-04-03 19:30:00+00:00;0.0;df-prod-Gaby
2025-04-03 19:45:00+00:00;0.0;df-prod-Gaby
2025-04-03 20:00:00+00:00;0.0;df-prod-Gaby
2025-04-03 20:15:00+00:00;0.0;df-prod-Gaby
2025-04-03 20:30:00+00:00;0.0;df-prod-Gaby
2025-04-03 20:45:00+00:00;0.0;df-prod-Gaby
2025-04-03 21:00:00+00:00;0.0;df-prod-Gaby
2025-04-03 21:15:00+00:00;0.0;df-prod-Gaby
2025-04-03 21:30:00+00:00;0.0;df-prod-Gaby
2025-04-03 21:45:00+00:00;0.0;df-prod-Gaby
2025-04-03 22:00:00+00:00;0.0;df-prod-Gaby
2025-04-03 22:15:00+00:00;0.0;df-prod-Gaby
2025-04-03 22:30:00+00:00;0.0;df-prod-Gaby
2025-04-03 22:45:00+00:00;0.0;df-prod-Gaby
2025-04-03 23:00:00+00:00;0.0;df-prod-Gaby
2025-04-03 23:15:00+00:00;0.0;df-prod-Gaby
2025-04-03 23:30:00+00:00;0.0;df-prod-Gaby
2025-04-03 23:45:00+00:00;0.0;df-prod-Gaby
2025-04-04 00:00:00+00:00;0.0;df-prod-Gaby
2025-04-04 00:15:00+00:00;0.0;df-prod-Gaby
2025-04-04 00:30:00+00:00;0.0;df-prod-Gaby
2025-04-04 00:45:00+00:00;0.0;df-prod-Gaby
2025-04-04 01:00:00+00:00;0.0;df-prod-Gaby
2025-04-04 01:15:00+00:00;0.0;df-prod-Gaby
2025-04-04 01:30:00+00:00;0.0;df-prod-Gaby
2025-04-04 01:45:00+00:00;0.0;df-prod-Gaby
2025-04-04 02:00:00+00:00;0.0;df-prod-Gaby
2025-04-04 02:15:00+00:00;0.0;df-prod-Gaby
2025-04-04 02:30:00+00:00;0.0;df-prod-Gaby
2025-04-04 02:45:00+00:00;0.0;df-prod-Gaby
2025-04-04 03:00:00+00:00;0.0;df-prod-Gaby
2025-04-04 03:15:00+00:00;0.0;df-prod-Gaby
2025-04-04 03:30:00+00:00;0.0;df-prod-Gaby
2025-04-04 03:45:00+00:00;0.0;df-prod-Gaby
2025-04-04 04:00:00+00:00;0.0;df-prod-Gaby
2025-04-04 04:15:00+00:00;0.0;df-prod-Gaby
2025-04-04 04:30:00+00:00;0.0;df-prod-Gaby
2025-04-04 04:45:00+00:00;0.0;df-prod-Gaby
2025-04-04 05:00:00+00:00;0.0;df-prod-Gaby
2025-04-04 05:15:00+00:00;0.0;df-prod-Gaby
2025-04-04 05:30:00+00:00;0.0;df-prod-Gaby
2025-04-04 05:45:00+00:00;0.02;df-prod-Gaby
2025-04-04 06:00:00+00:00;0.052;df-prod-Gaby
2025-04-04 06:15:00+00:00;0.104;df-prod-Gaby
2025-04-04 06:30:00+00:00;0.12;df-prod-Gaby
2025-04-04 06:45:00+00:00;0.208;df-prod-Gaby
2025-04-04 07:00:00+00:00;0.472;df-prod-Gaby
2025-04-04 07:15:00+00:00;0.884;df-prod-Gaby
2025-04-04 07:30:00+00:00;0.812;df-prod-Gaby
2025-04-04 07:45:00+00:00;1.524;df-prod-Gaby
2025-04-04 08:00:00+00:00;2.292;df-prod-Gaby
2025-04-04 08:15:00+00:00;0.704;df-prod-Gaby
2025-04-04 08:30:00+00:00;0.964;df-prod-Gaby
2025-04-04 08:45:00+00:00;1.044;df-prod-Gaby
2025-04-04 09:00:00+00:00;2.372;df-prod-Gaby
2025-04-04 09:15:00+00:00;2.484;df-prod-Gaby
2025-04-04 09:30:00+00:00;3.784;df-prod-Gaby
2025-04-04 09:45:00+00:00;4.752;df-prod-Gaby
2025-04-04 10:00:00+00:00;2.968;df-prod-Gaby
2025-04-04 10:15:00+00:00;2.716;df-prod-Gaby
2025-04-04 10:30:00+00:00;2.94;df-prod-Gaby
2025-04-04 10:45:00+00:00;2.756;df-prod-Gaby
2025-04-04 11:00:00+00:00;2.528;df-prod-Gaby
2025-04-04 11:15:00+00:00;3.008;df-prod-Gaby
2025-04-04 11:30:00+00:00;2.364;df-prod-Gaby
2025-04-04 11:45:00+00:00;3.82;df-prod-Gaby
2025-04-04 12:00:00+00:00;2.796;df-prod-Gaby
2025-04-04 12:15:00+00:00;2.5;df-prod-Gaby
2025-04-04 12:30:00+00:00;1.872;df-prod-Gaby
2025-04-04 12:45:00+00:00;0.736;df-prod-Gaby
2025-04-04 13:00:00+00:00;0.504;df-prod-Gaby
2025-04-04 13:15:00+00:00;0.732;df-prod-Gaby
2025-04-04 13:30:00+00:00;1.184;df-prod-Gaby
2025-04-04 13:45:00+00:00;0.86;df-prod-Gaby
2025-04-04 14:00:00+00:00;0.556;df-prod-Gaby
2025-04-04 14:15:00+00:00;0.648;df-prod-Gaby
2025-04-04 14:30:00+00:00;0.52;df-prod-Gaby
2025-04-04 14:45:00+00:00;0.912;df-prod-Gaby
2025-04-04 15:00:00+00:00;0.856;df-prod-Gaby
2025-04-04 15:15:00+00:00;0.66;df-prod-Gaby
2025-04-04 15:30:00+00:00;0.64;df-prod-Gaby
2025-04-04 15:45:00+00:00;0.456;df-prod-Gaby
2025-04-04 16:00:00+00:00;0.58;df-prod-Gaby
2025-04-04 16:15:00+00:00;0.624;df-prod-Gaby
2025-04-04 16:30:00+00:00;0.652;df-prod-Gaby
2025-04-04 16:45:00+00:00;0.7;df-prod-Gaby
2025-04-04 17:00:00+00:00;0.508;df-prod-Gaby
2025-04-04 17:15:00+00:00;0.396;df-prod-Gaby
2025-04-04 17:30:00+00:00;0.56;df-prod-Gaby
2025-04-04 17:45:00+00:00;0.072;df-prod-Gaby
2025-04-04 18:00:00+00:00;0.0;df-prod-Gaby
2025-04-04 18:15:00+00:00;0.0;df-prod-Gaby
2025-04-04 18:30:00+00:00;0.0;df-prod-Gaby
2025-04-04 18:45:00+00:00;0.0;df-prod-Gaby
2025-04-04 19:00:00+00:00;0.0;df-prod-Gaby
2025-04-04 19:15:00+00:00;0.0;df-prod-Gaby
2025-04-04 19:30:00+00:00;0.0;df-prod-Gaby
2025-04-04 19:45:00+00:00;0.0;df-prod-Gaby
2025-04-04 20:00:00+00:00;0.0;df-prod-Gaby
2025-04-04 20:15:00+00:00;0.0;df-prod-Gaby
2025-04-04 20:30:00+00:00;0.0;df-prod-Gaby
2025-04-04 20:45:00+00:00;0.0;df-prod-Gaby
2025-04-04 21:00:00+00:00;0.0;df-prod-Gaby
2025-04-04 21:15:00+00:00;0.0;df-prod-Gaby
2025-04-04 21:30:00+00:00;0.0;df-prod-Gaby
2025-04-04 21:45:00+00:00;0.0;df-prod-Gaby
2025-04-04 22:00:00+00:00;0.0;df-prod-Gaby
2025-04-04 22:15:00+00:00;0.0;df-prod-Gaby
2025-04-04 22:30:00+00:00;0.0;df-prod-Gaby
2025-04-04 22:45:00+00:00;0.0;df-prod-Gaby
2025-04-04 23:00:00+00:00;0.0;df-prod-Gaby
2025-04-04 23:15:00+00:00;0.0;df-prod-Gaby
2025-04-04 23:30:00+00:00;0.0;df-prod-Gaby
2025-04-04 23:45:00+00:00;0.0;df-prod-Gaby
2025-04-05 00:00:00+00:00;0.0;df-prod-Gaby
2025-04-05 00:15:00+00:00;0.0;df-prod-Gaby
2025-04-05 00:30:00+00:00;0.0;df-prod-Gaby
2025-04-05 00:45:00+00:00;0.0;df-prod-Gaby
2025-04-05 01:00:00+00:00;0.0;df-prod-Gaby
2025-04-05 01:15:00+00:00;0.0;df-prod-Gaby
2025-04-05 01:30:00+00:00;0.0;df-prod-Gaby
2025-04-05 01:45:00+00:00;0.0;df-prod-Gaby
2025-04-05 02:00:00+00:00;0.0;df-prod-Gaby
2025-04-05 02:15:00+00:00;0.0;df-prod-Gaby
2025-04-05 02:30:00+00:00;0.0;df-prod-Gaby
2025-04-05 02:45:00+00:00;0.0;df-prod-Gaby
2025-04-05 03:00:00+00:00;0.0;df-prod-Gaby
2025-04-05 03:15:00+00:00;0.0;df-prod-Gaby
2025-04-05 03:30:00+00:00;0.0;df-prod-Gaby
2025-04-05 03:45:00+00:00;0.0;df-prod-Gaby
2025-04-05 04:00:00+00:00;0.0;df-prod-Gaby
2025-04-05 04:15:00+00:00;0.0;df-prod-Gaby
2025-04-05 04:30:00+00:00;0.0;df-prod-Gaby
2025-04-05 04:45:00+00:00;0.0;df-prod-Gaby
2025-04-05 05:00:00+00:00;0.0;df-prod-Gaby
2025-04-05 05:15:00+00:00;0.0;df-prod-Gaby
2025-04-05 05:30:00+00:00;0.0;df-prod-Gaby
2025-04-05 05:45:00+00:00;0.024;df-prod-Gaby
2025-04-05 06:00:00+00:00;0.112;df-prod-Gaby
2025-04-05 06:15:00+00:00;0.176;df-prod-Gaby
2025-04-05 06:30:00+00:00;0.212;df-prod-Gaby
2025-04-05 06:45:00+00:00;0.356;df-prod-Gaby
2025-04-05 07:00:00+00:00;0.604;df-prod-Gaby
2025-04-05 07:15:00+00:00;0.936;df-prod-Gaby
2025-04-05 07:30:00+00:00;1.348;df-prod-Gaby
2025-04-05 07:45:00+00:00;1.844;df-prod-Gaby
2025-04-05 08:00:00+00:00;2.364;df-prod-Gaby
2025-04-05 08:15:00+00:00;2.896;df-prod-Gaby
2025-04-05 08:30:00+00:00;3.408;df-prod-Gaby
2025-04-05 08:45:00+00:00;3.92;df-prod-Gaby
2025-04-05 09:00:00+00:00;4.244;df-prod-Gaby
2025-04-05 09:15:00+00:00;1.64;df-prod-Gaby
2025-04-05 09:30:00+00:00;1.976;df-prod-Gaby
2025-04-05 09:45:00+00:00;3.512;df-prod-Gaby
2025-04-05 10:00:00+00:00;5.192;df-prod-Gaby
2025-04-05 10:15:00+00:00;3.552;df-prod-Gaby
2025-04-05 10:30:00+00:00;3.04;df-prod-Gaby
2025-04-05 10:45:00+00:00;2.032;df-prod-Gaby
2025-04-05 11:00:00+00:00;1.32;df-prod-Gaby
2025-04-05 11:15:00+00:00;2.804;df-prod-Gaby
2025-04-05 11:30:00+00:00;2.54;df-prod-Gaby
2025-04-05 11:45:00+00:00;2.988;df-prod-Gaby
2025-04-05 12:00:00+00:00;4.732;df-prod-Gaby
2025-04-05 12:15:00+00:00;4.612;df-prod-Gaby
2025-04-05 12:30:00+00:00;1.972;df-prod-Gaby
2025-04-05 12:45:00+00:00;4.904;df-prod-Gaby
2025-04-05 13:00:00+00:00;2.74;df-prod-Gaby
2025-04-05 13:15:00+00:00;2.764;df-prod-Gaby
2025-04-05 13:30:00+00:00;0.784;df-prod-Gaby
2025-04-05 13:45:00+00:00;0.776;df-prod-Gaby
2025-04-05 14:00:00+00:00;0.912;df-prod-Gaby
2025-04-05 14:15:00+00:00;0.928;df-prod-Gaby
2025-04-05 14:30:00+00:00;0.892;df-prod-Gaby
2025-04-05 14:45:00+00:00;0.908;df-prod-Gaby
2025-04-05 15:00:00+00:00;0.512;df-prod-Gaby
2025-04-05 15:15:00+00:00;0.572;df-prod-Gaby
2025-04-05 15:30:00+00:00;0.492;df-prod-Gaby
2025-04-05 15:45:00+00:00;0.42;df-prod-Gaby
2025-04-05 16:00:00+00:00;0.624;df-prod-Gaby
2025-04-05 16:15:00+00:00;0.868;df-prod-Gaby
2025-04-05 16:30:00+00:00;4.02;df-prod-Gaby
2025-04-05 16:45:00+00:00;1.088;df-prod-Gaby
2025-04-05 17:00:00+00:00;0.784;df-prod-Gaby
2025-04-05 17:15:00+00:00;0.588;df-prod-Gaby
2025-04-05 17:30:00+00:00;0.572;df-prod-Gaby
2025-04-05 17:45:00+00:00;0.056;df-prod-Gaby
2025-04-05 18:00:00+00:00;0.0;df-prod-Gaby
2025-04-05 18:15:00+00:00;0.0;df-prod-Gaby
2025-04-05 18:30:00+00:00;0.0;df-prod-Gaby
2025-04-05 18:45:00+00:00;0.0;df-prod-Gaby
2025-04-05 19:00:00+00:00;0.0;df-prod-Gaby
2025-04-05 19:15:00+00:00;0.0;df-prod-Gaby
2025-04-05 19:30:00+00:00;0.0;df-prod-Gaby
2025-04-05 19:45:00+00:00;0.0;df-prod-Gaby
2025-04-05 20:00:00+00:00;0.0;df-prod-Gaby
2025-04-05 20:15:00+00:00;0.0;df-prod-Gaby
2025-04-05 20:30:00+00:00;0.0;df-prod-Gaby
2025-04-05 20:45:00+00:00;0.0;df-prod-Gaby
2025-04-05 21:00:00+00:00;0.0;df-prod-Gaby
2025-04-05 21:15:00+00:00;0.0;df-prod-Gaby
2025-04-05 21:30:00+00:00;0.0;df-prod-Gaby
2025-04-05 21:45:00+00:00;0.0;df-prod-Gaby
2025-04-05 22:00:00+00:00;0.0;df-prod-Gaby
2025-04-05 22:15:00+00:00;0.0;df-prod-Gaby
2025-04-05 22:30:00+00:00;0.0;df-prod-Gaby
2025-04-05 22:45:00+00:00;0.0;df-prod-Gaby
2025-04-05 23:00:00+00:00;0.0;df-prod-Gaby
2025-04-05 23:15:00+00:00;0.0;df-prod-Gaby
2025-04-05 23:30:00+00:00;0.0;df-prod-Gaby
2025-04-05 23:45:00+00:00;0.0;df-prod-Gaby
2025-04-06 00:00:00+00:00;0.0;df-prod-Gaby
2025-04-06 00:15:00+00:00;0.0;df-prod-Gaby
2025-04-06 00:30:00+00:00;0.0;df-prod-Gaby
2025-04-06 00:45:00+00:00;0.0;df-prod-Gaby
2025-04-06 01:00:00+00:00;0.0;df-prod-Gaby
2025-04-06 01:15:00+00:00;0.0;df-prod-Gaby
2025-04-06 01:30:00+00:00;0.0;df-prod-Gaby
2025-04-06 01:45:00+00:00;0.0;df-prod-Gaby
2025-04-06 02:00:00+00:00;0.0;df-prod-Gaby
2025-04-06 02:15:00+00:00;0.0;df-prod-Gaby
2025-04-06 02:30:00+00:00;0.0;df-prod-Gaby
2025-04-06 02:45:00+00:00;0.0;df-prod-Gaby
2025-04-06 03:00:00+00:00;0.0;df-prod-Gaby
2025-04-06 03:15:00+00:00;0.0;df-prod-Gaby
2025-04-06 03:30:00+00:00;0.0;df-prod-Gaby
2025-04-06 03:45:00+00:00;0.0;df-prod-Gaby
2025-04-06 04:00:00+00:00;0.0;df-prod-Gaby
2025-04-06 04:15:00+00:00;0.0;df-prod-Gaby
2025-04-06 04:30:00+00:00;0.0;df-prod-Gaby
2025-04-06 04:45:00+00:00;0.0;df-prod-Gaby
2025-04-06 05:00:00+00:00;0.0;df-prod-Gaby
2025-04-06 05:15:00+00:00;0.0;df-prod-Gaby
2025-04-06 05:30:00+00:00;0.0;df-prod-Gaby
2025-04-06 05:45:00+00:00;0.024;df-prod-Gaby
2025-04-06 06:00:00+00:00;0.08;df-prod-Gaby
2025-04-06 06:15:00+00:00;0.136;df-prod-Gaby
2025-04-06 06:30:00+00:00;0.16;df-prod-Gaby
2025-04-06 06:45:00+00:00;0.284;df-prod-Gaby
2025-04-06 07:00:00+00:00;0.472;df-prod-Gaby
2025-04-06 07:15:00+00:00;0.816;df-prod-Gaby
2025-04-06 07:30:00+00:00;1.436;df-prod-Gaby
2025-04-06 07:45:00+00:00;1.484;df-prod-Gaby
2025-04-06 08:00:00+00:00;0.74;df-prod-Gaby
2025-04-06 08:15:00+00:00;0.692;df-prod-Gaby
2025-04-06 08:30:00+00:00;0.788;df-prod-Gaby
2025-04-06 08:45:00+00:00;1.868;df-prod-Gaby
2025-04-06 09:00:00+00:00;0.596;df-prod-Gaby
2025-04-06 09:15:00+00:00;0.652;df-prod-Gaby
2025-04-06 09:30:00+00:00;0.672;df-prod-Gaby
2025-04-06 09:45:00+00:00;0.48;df-prod-Gaby
2025-04-06 10:00:00+00:00;0.672;df-prod-Gaby
2025-04-06 10:15:00+00:00;0.584;df-prod-Gaby
2025-04-06 10:30:00+00:00;0.532;df-prod-Gaby
2025-04-06 10:45:00+00:00;0.96;df-prod-Gaby
2025-04-06 11:00:00+00:00;0.804;df-prod-Gaby
2025-04-06 11:15:00+00:00;0.58;df-prod-Gaby
2025-04-06 11:30:00+00:00;0.564;df-prod-Gaby
2025-04-06 11:45:00+00:00;0.38;df-prod-Gaby
2025-04-06 12:00:00+00:00;0.412;df-prod-Gaby
2025-04-06 12:15:00+00:00;0.628;df-prod-Gaby
2025-04-06 12:30:00+00:00;0.64;df-prod-Gaby
2025-04-06 12:45:00+00:00;0.688;df-prod-Gaby
2025-04-06 13:00:00+00:00;0.368;df-prod-Gaby
2025-04-06 13:15:00+00:00;0.368;df-prod-Gaby
2025-04-06 13:30:00+00:00;0.544;df-prod-Gaby
2025-04-06 13:45:00+00:00;0.436;df-prod-Gaby
2025-04-06 14:00:00+00:00;0.58;df-prod-Gaby
2025-04-06 14:15:00+00:00;0.644;df-prod-Gaby
2025-04-06 14:30:00+00:00;0.776;df-prod-Gaby
2025-04-06 14:45:00+00:00;0.6;df-prod-Gaby
2025-04-06 15:00:00+00:00;0.756;df-prod-Gaby
2025-04-06 15:15:00+00:00;0.648;df-prod-Gaby
2025-04-06 15:30:00+00:00;0.692;df-prod-Gaby
2025-04-06 15:45:00+00:00;0.848;df-prod-Gaby
2025-04-06 16:00:00+00:00;0.828;df-prod-Gaby
2025-04-06 16:15:00+00:00;0.548;df-prod-Gaby
2025-04-06 16:30:00+00:00;0.624;df-prod-Gaby
2025-04-06 16:45:00+00:00;0.728;df-prod-Gaby
2025-04-06 17:00:00+00:00;0.848;df-prod-Gaby
2025-04-06 17:15:00+00:00;0.836;df-prod-Gaby
2025-04-06 17:30:00+00:00;0.588;df-prod-Gaby
2025-04-06 17:45:00+00:00;0.212;df-prod-Gaby
2025-04-06 18:00:00+00:00;0.0;df-prod-Gaby
2025-04-06 18:15:00+00:00;0.0;df-prod-Gaby
2025-04-06 18:30:00+00:00;0.0;df-prod-Gaby
2025-04-06 18:45:00+00:00;0.0;df-prod-Gaby
2025-04-06 19:00:00+00:00;0.0;df-prod-Gaby
2025-04-06 19:15:00+00:00;0.0;df-prod-Gaby
2025-04-06 19:30:00+00:00;0.0;df-prod-Gaby
2025-04-06 19:45:00+00:00;0.0;df-prod-Gaby
2025-04-06 20:00:00+00:00;0.0;df-prod-Gaby
2025-04-06 20:15:00+00:00;0.0;df-prod-Gaby
2025-04-06 20:30:00+00:00;0.0;df-prod-Gaby
2025-04-06 20:45:00+00:00;0.0;df-prod-Gaby
2025-04-06 21:00:00+00:00;0.0;df-prod-Gaby
2025-04-06 21:15:00+00:00;0.0;df-prod-Gaby
2025-04-06 21:30:00+00:00;0.0;df-prod-Gaby
2025-04-06 21:45:00+00:00;0.0;df-prod-Gaby
2025-04-06 22:00:00+00:00;0.0;df-prod-Gaby
2025-04-06 22:15:00+00:00;0.0;df-prod-Gaby
2025-04-06 22:30:00+00:00;0.0;df-prod-Gaby
2025-04-06 22:45:00+00:00;0.0;df-prod-Gaby
2025-04-06 23:00:00+00:00;0.0;df-prod-Gaby
2025-04-06 23:15:00+00:00;0.0;df-prod-Gaby
2025-04-06 23:30:00+00:00;0.0;df-prod-Gaby
2025-04-06 23:45:00+00:00;0.0;df-prod-Gaby
2025-04-07 00:00:00+00:00;0.0;df-prod-Gaby
2025-04-07 00:15:00+00:00;0.0;df-prod-Gaby
2025-04-07 00:30:00+00:00;0.0;df-prod-Gaby
2025-04-07 00:45:00+00:00;0.0;df-prod-Gaby
2025-04-07 01:00:00+00:00;0.0;df-prod-Gaby
2025-04-07 01:15:00+00:00;0.0;df-prod-Gaby
2025-04-07 01:30:00+00:00;0.0;df-prod-Gaby
2025-04-07 01:45:00+00:00;0.0;df-prod-Gaby
2025-04-07 02:00:00+00:00;0.0;df-prod-Gaby
2025-04-07 02:15:00+00:00;0.0;df-prod-Gaby
2025-04-07 02:30:00+00:00;0.0;df-prod-Gaby
2025-04-07 02:45:00+00:00;0.0;df-prod-Gaby
2025-04-07 03:00:00+00:00;0.0;df-prod-Gaby
2025-04-07 03:15:00+00:00;0.0;df-prod-Gaby
2025-04-07 03:30:00+00:00;0.0;df-prod-Gaby
2025-04-07 03:45:00+00:00;0.0;df-prod-Gaby
2025-04-07 04:00:00+00:00;0.0;df-prod-Gaby
2025-04-07 04:15:00+00:00;0.0;df-prod-Gaby
2025-04-07 04:30:00+00:00;0.0;df-prod-Gaby
2025-04-07 04:45:00+00:00;0.0;df-prod-Gaby
2025-04-07 05:00:00+00:00;0.0;df-prod-Gaby
2025-04-07 05:15:00+00:00;0.0;df-prod-Gaby
2025-04-07 05:30:00+00:00;0.0;df-prod-Gaby
2025-04-07 05:45:00+00:00;0.028;df-prod-Gaby
2025-04-07 06:00:00+00:00;0.08;df-prod-Gaby
2025-04-07 06:15:00+00:00;0.152;df-prod-Gaby
2025-04-07 06:30:00+00:00;0.184;df-prod-Gaby
2025-04-07 06:45:00+00:00;0.316;df-prod-Gaby
2025-04-07 07:00:00+00:00;0.476;df-prod-Gaby
2025-04-07 07:15:00+00:00;0.464;df-prod-Gaby
2025-04-07 07:30:00+00:00;0.556;df-prod-Gaby
2025-04-07 07:45:00+00:00;0.608;df-prod-Gaby
2025-04-07 08:00:00+00:00;0.768;df-prod-Gaby
2025-04-07 08:15:00+00:00;0.7;df-prod-Gaby
2025-04-07 08:30:00+00:00;0.54;df-prod-Gaby
2025-04-07 08:45:00+00:00;0.46;df-prod-Gaby
2025-04-07 09:00:00+00:00;0.552;df-prod-Gaby
2025-04-07 09:15:00+00:00;0.728;df-prod-Gaby
2025-04-07 09:30:00+00:00;0.444;df-prod-Gaby
2025-04-07 09:45:00+00:00;0.536;df-prod-Gaby
2025-04-07 10:00:00+00:00;0.536;df-prod-Gaby
2025-04-07 10:15:00+00:00;0.636;df-prod-Gaby
2025-04-07 10:30:00+00:00;0.744;df-prod-Gaby
2025-04-07 10:45:00+00:00;2.024;df-prod-Gaby
2025-04-07 11:00:00+00:00;0.696;df-prod-Gaby
2025-04-07 11:15:00+00:00;0.56;df-prod-Gaby
2025-04-07 11:30:00+00:00;0.552;df-prod-Gaby
2025-04-07 11:45:00+00:00;0.556;df-prod-Gaby
2025-04-07 12:00:00+00:00;0.728;df-prod-Gaby
2025-04-07 12:15:00+00:00;0.716;df-prod-Gaby
2025-04-07 12:30:00+00:00;0.344;df-prod-Gaby
2025-04-07 12:45:00+00:00;0.38;df-prod-Gaby
2025-04-07 13:00:00+00:00;1.016;df-prod-Gaby
2025-04-07 13:15:00+00:00;0.668;df-prod-Gaby
2025-04-07 13:30:00+00:00;0.784;df-prod-Gaby
2025-04-07 13:45:00+00:00;1.16;df-prod-Gaby
2025-04-07 14:00:00+00:00;1.472;df-prod-Gaby
2025-04-07 14:15:00+00:00;1.08;df-prod-Gaby
2025-04-07 14:30:00+00:00;0.86;df-prod-Gaby
2025-04-07 14:45:00+00:00;0.844;df-prod-Gaby
2025-04-07 15:00:00+00:00;0.632;df-prod-Gaby
2025-04-07 15:15:00+00:00;0.452;df-prod-Gaby
2025-04-07 15:30:00+00:00;0.456;df-prod-Gaby
2025-04-07 15:45:00+00:00;0.66;df-prod-Gaby
2025-04-07 16:00:00+00:00;0.604;df-prod-Gaby
2025-04-07 16:15:00+00:00;0.748;df-prod-Gaby
2025-04-07 16:30:00+00:00;0.74;df-prod-Gaby
2025-04-07 16:45:00+00:00;0.488;df-prod-Gaby
2025-04-07 17:00:00+00:00;0.44;df-prod-Gaby
2025-04-07 17:15:00+00:00;0.58;df-prod-Gaby
2025-04-07 17:30:00+00:00;0.704;df-prod-Gaby
2025-04-07 17:45:00+00:00;0.312;df-prod-Gaby
2025-04-07 18:00:00+00:00;0.004;df-prod-Gaby
2025-04-07 18:15:00+00:00;0.0;df-prod-Gaby
2025-04-07 18:30:00+00:00;0.0;df-prod-Gaby
2025-04-07 18:45:00+00:00;0.0;df-prod-Gaby
2025-04-07 19:00:00+00:00;0.0;df-prod-Gaby
2025-04-07 19:15:00+00:00;0.0;df-prod-Gaby
2025-04-07 19:30:00+00:00;0.0;df-prod-Gaby
2025-04-07 19:45:00+00:00;0.0;df-prod-Gaby
2025-04-07 20:00:00+00:00;0.0;df-prod-Gaby
2025-04-07 20:15:00+00:00;0.0;df-prod-Gaby
2025-04-07 20:30:00+00:00;0.0;df-prod-Gaby
2025-04-07 20:45:00+00:00;0.0;df-prod-Gaby
2025-04-07 21:00:00+00:00;0.0;df-prod-Gaby
2025-04-07 21:15:00+00:00;0.0;df-prod-Gaby
2025-04-07 21:30:00+00:00;0.0;df-prod-Gaby
2025-04-07 21:45:00+00:00;0.0;df-prod-Gaby
2025-04-07 22:00:00+00:00;0.0;df-prod-Gaby
2025-04-07 22:15:00+00:00;0.0;df-prod-Gaby
2025-04-07 22:30:00+00:00;0.0;df-prod-Gaby
2025-04-07 22:45:00+00:00;0.0;df-prod-Gaby
2025-04-07 23:00:00+00:00;0.0;df-prod-Gaby
2025-04-07 23:15:00+00:00;0.0;df-prod-Gaby
2025-04-07 23:30:00+00:00;0.0;df-prod-Gaby
2025-04-07 23:45:00+00:00;0.0;df-prod-Gaby
2025-04-08 00:00:00+00:00;0.0;df-prod-Gaby
2025-04-08 00:15:00+00:00;0.0;df-prod-Gaby
2025-04-08 00:30:00+00:00;0.0;df-prod-Gaby
2025-04-08 00:45:00+00:00;0.0;df-prod-Gaby
2025-04-08 01:00:00+00:00;0.0;df-prod-Gaby
2025-04-08 01:15:00+00:00;0.0;df-prod-Gaby
2025-04-08 01:30:00+00:00;0.0;df-prod-Gaby
2025-04-08 01:45:00+00:00;0.0;df-prod-Gaby
2025-04-08 02:00:00+00:00;0.0;df-prod-Gaby
2025-04-08 02:15:00+00:00;0.0;df-prod-Gaby
2025-04-08 02:30:00+00:00;0.0;df-prod-Gaby
2025-04-08 02:45:00+00:00;0.0;df-prod-Gaby
2025-04-08 03:00:00+00:00;0.0;df-prod-Gaby
2025-04-08 03:15:00+00:00;0.0;df-prod-Gaby
2025-04-08 03:30:00+00:00;0.0;df-prod-Gaby
2025-04-08 03:45:00+00:00;0.0;df-prod-Gaby
2025-04-08 04:00:00+00:00;0.0;df-prod-Gaby
2025-04-08 04:15:00+00:00;0.0;df-prod-Gaby
2025-04-08 04:30:00+00:00;0.0;df-prod-Gaby
2025-04-08 04:45:00+00:00;0.0;df-prod-Gaby
2025-04-08 05:00:00+00:00;0.0;df-prod-Gaby
2025-04-08 05:15:00+00:00;0.0;df-prod-Gaby
2025-04-08 05:30:00+00:00;0.004;df-prod-Gaby
2025-04-08 05:45:00+00:00;0.028;df-prod-Gaby
2025-04-08 06:00:00+00:00;0.048;df-prod-Gaby
2025-04-08 06:15:00+00:00;0.16;df-prod-Gaby
2025-04-08 06:30:00+00:00;0.216;df-prod-Gaby
2025-04-08 06:45:00+00:00;0.38;df-prod-Gaby
2025-04-08 07:00:00+00:00;0.676;df-prod-Gaby
2025-04-08 07:15:00+00:00;0.668;df-prod-Gaby
2025-04-08 07:30:00+00:00;0.608;df-prod-Gaby
2025-04-08 07:45:00+00:00;0.628;df-prod-Gaby
2025-04-08 08:00:00+00:00;0.8;df-prod-Gaby
2025-04-08 08:15:00+00:00;1.412;df-prod-Gaby
2025-04-08 08:30:00+00:00;3.64;df-prod-Gaby
2025-04-08 08:45:00+00:00;4.16;df-prod-Gaby
2025-04-08 09:00:00+00:00;3.948;df-prod-Gaby
2025-04-08 09:15:00+00:00;1.236;df-prod-Gaby
2025-04-08 09:30:00+00:00;1.184;df-prod-Gaby
2025-04-08 09:45:00+00:00;1.18;df-prod-Gaby
2025-04-08 10:00:00+00:00;2.936;df-prod-Gaby
2025-04-08 10:15:00+00:00;0.876;df-prod-Gaby
2025-04-08 10:30:00+00:00;0.776;df-prod-Gaby
2025-04-08 10:45:00+00:00;0.772;df-prod-Gaby
2025-04-08 11:00:00+00:00;0.924;df-prod-Gaby
2025-04-08 11:15:00+00:00;0.68;df-prod-Gaby
2025-04-08 11:30:00+00:00;0.512;df-prod-Gaby
2025-04-08 11:45:00+00:00;0.396;df-prod-Gaby
2025-04-08 12:00:00+00:00;0.604;df-prod-Gaby
2025-04-08 12:15:00+00:00;0.644;df-prod-Gaby
2025-04-08 12:30:00+00:00;0.888;df-prod-Gaby
2025-04-08 12:45:00+00:00;0.916;df-prod-Gaby
2025-04-08 13:00:00+00:00;1.456;df-prod-Gaby
2025-04-08 13:15:00+00:00;1.392;df-prod-Gaby
2025-04-08 13:30:00+00:00;0.92;df-prod-Gaby
2025-04-08 13:45:00+00:00;1.036;df-prod-Gaby
2025-04-08 14:00:00+00:00;1.608;df-prod-Gaby
2025-04-08 14:15:00+00:00;1.124;df-prod-Gaby
2025-04-08 14:30:00+00:00;0.96;df-prod-Gaby
2025-04-08 14:45:00+00:00;0.98;df-prod-Gaby
2025-04-08 15:00:00+00:00;1.18;df-prod-Gaby
2025-04-08 15:15:00+00:00;0.824;df-prod-Gaby
2025-04-08 15:30:00+00:00;0.572;df-prod-Gaby
2025-04-08 15:45:00+00:00;0.736;df-prod-Gaby
2025-04-08 16:00:00+00:00;0.616;df-prod-Gaby
2025-04-08 16:15:00+00:00;0.596;df-prod-Gaby
2025-04-08 16:30:00+00:00;0.812;df-prod-Gaby
2025-04-08 16:45:00+00:00;0.624;df-prod-Gaby
2025-04-08 17:00:00+00:00;0.516;df-prod-Gaby
2025-04-08 17:15:00+00:00;0.56;df-prod-Gaby
2025-04-08 17:30:00+00:00;0.388;df-prod-Gaby
2025-04-08 17:45:00+00:00;0.424;df-prod-Gaby
2025-04-08 18:00:00+00:00;0.008;df-prod-Gaby
2025-04-08 18:15:00+00:00;0.0;df-prod-Gaby
2025-04-08 18:30:00+00:00;0.0;df-prod-Gaby
2025-04-08 18:45:00+00:00;0.0;df-prod-Gaby
2025-04-08 19:00:00+00:00;0.0;df-prod-Gaby
2025-04-08 19:15:00+00:00;0.0;df-prod-Gaby
2025-04-08 19:30:00+00:00;0.0;df-prod-Gaby
2025-04-08 19:45:00+00:00;0.0;df-prod-Gaby
2025-04-08 20:00:00+00:00;0.0;df-prod-Gaby
2025-04-08 20:15:00+00:00;0.0;df-prod-Gaby
2025-04-08 20:30:00+00:00;0.0;df-prod-Gaby
2025-04-08 20:45:00+00:00;0.0;df-prod-Gaby
2025-04-08 21:00:00+00:00;0.0;df-prod-Gaby
2025-04-08 21:15:00+00:00;0.0;df-prod-Gaby
2025-04-08 21:30:00+00:00;0.0;df-prod-Gaby
2025-04-08 21:45:00+00:00;0.0;df-prod-Gaby
